"Path","LineNumber","Line"
"C:\Users\user\Desktop\Mock Stream\site\Tools\flashcard-builder.html","1248","          <button class=""preset-btn"" onclick=""setPrompt('IELTS vocabulary')"">IELTS Vocab</button>"
"C:\Users\user\Desktop\Mock Stream\site\Tools\ielts-reading-test-builder.html","6","    <title>IELTS Reading Test Builder</title>"
"C:\Users\user\Desktop\Mock Stream\site\Tools\ielts-reading-test-builder.html","781","            <h1>?? IELTS Reading Test Builder</h1>"
"C:\Users\user\Desktop\Mock Stream\site\Tools\ielts-reading-test-builder.html","782","            <p>Create complete IELTS Reading tests with 3 passages and multiple question types</p>"
"C:\Users\user\Desktop\Mock Stream\site\Tools\ielts-reading-test-builder.html","1600","            const code = `// IELTS Reading Test - Generated ${new Date().toLocaleDateString()}"
"C:\Users\user\Desktop\Mock Stream\site\Tools\ielts-reading-test-builder.html","1603","window.IELTS_READING_TEST = ${JSON.stringify(output, null, 4)};"
"C:\Users\user\Desktop\Mock Stream\site\Tools\ielts-reading-test-builder.html","1648","            const filename = prompt('Enter filename (without .js):', 'ielts-reading-test-01');"
"C:\Users\user\Desktop\Mock Stream\site\Tools\ielts-writing-test-builder.html","6","  <title>IELTS Writing Test Builder</title>"
"C:\Users\user\Desktop\Mock Stream\site\Tools\ielts-writing-test-builder.html","490","      <h1>?? IELTS Writing Test Builder</h1>"
"C:\Users\user\Desktop\Mock Stream\site\Tools\ielts-writing-test-builder.html","515","            <input type=""text"" id=""testId"" placeholder=""IELTS Mock 01"" value=""IELTS Mock 01"" oninput=""updatePreview()"">"
"C:\Users\user\Desktop\Mock Stream\site\Tools\ielts-writing-test-builder.html","603","            <div class=""preview-title"">IELTS</div>"
"C:\Users\user\Desktop\Mock Stream\site\Tools\ielts-writing-test-builder.html","605","            <div id=""previewTestId"" class=""preview-test-id"">IELTS Mock 01</div>"
"C:\Users\user\Desktop\Mock Stream\site\Tools\ielts-writing-test-builder.html","853","      document.getElementById('previewTestId').textContent = document.getElementById('testId').value || 'IELTS Mock 01';"
"C:\Users\user\Desktop\Mock Stream\site\Tools\ielts-writing-test-builder.html","961","// IELTS WRITING MOCK TEST - QUESTIONS DATA"
"C:\Users\user\Desktop\Mock Stream\site\Tools\ielts-writing-test-builder.html","963","// Generated by IELTS Writing Test Builder"
"C:\Users\user\Desktop\Mock Stream\site\Tools\ielts-writing-test-builder.html","967","window.IELTS_WRITING_TEST_DATA = ${JSON.stringify(data, null, 2)};"
"C:\Users\user\Desktop\Mock Stream\site\Tools\ielts-writing-test-builder.html","974","      const mockNum = prompt('Enter IELTS mock test number (01-99):', '01');"
"C:\Users\user\Desktop\Mock Stream\site\Tools\ielts-writing-test-builder.html","989","      const filename = `ielts-mock-${paddedNum}.js`;"
"C:\Users\user\Desktop\Mock Stream\site\Tools\ielts-writing-test-builder.html","992","      document.getElementById('testId').value = `IELTS Mock ${paddedNum}`;"
"C:\Users\user\Desktop\Mock Stream\site\Tools\ielts-writing-test-builder.html","1007","      alert(`? ${filename} downloaded successfully!\n\nPlace this file in: questions IELTS W/ folder\n\nThen add this option to the mock selector in Writing IELTS Mock.html:\n<option value=""questions IELTS W/${filename}"">? IELTS Mock ${paddedNum}</option>`);"
"C:\Users\user\Desktop\Mock Stream\site\Tools\ielts-writing-test-builder.html","1041","              const match = content.match(/window\.IELTS_WRITING_TEST_DATA\s*=\s*(\{[\s\S]*\});?/);"
"C:\Users\user\Desktop\Mock Stream\site\Tools\ielts-writing-test-builder.html","1047","                alert('? Invalid file format. Could not find IELTS_WRITING_TEST_DATA.');"
"C:\Users\user\Desktop\Mock Stream\site\Tools\ielts-writing-test-builder.html","1232","      ] : `Task Instruction: ${instruction}\n\nPrompt: ${prompt}\n\nWrite a Band 9 sample answer for this IELTS Writing Task 1.`;"
"C:\Users\user\Desktop\Mock Stream\site\Tools\ielts-writing-test-builder.html","1236","        content: `You are an IELTS Writing examiner and expert. Generate a Band 9 quality sample answer for IELTS Academic Writing Task 1. "
"C:\Users\user\Desktop\Mock Stream\site\Tools\ielts-writing-test-builder.html","1318","        content: `You are an IELTS Writing examiner and expert. Generate a Band 9 quality sample answer for IELTS Academic Writing Task 2 (Essay)."
"C:\Users\user\Desktop\Mock Stream\site\Tools\speaking-settings-editor.html","6","  <title>Settings Editor - IELTS Speaking Mock Test</title>"
"C:\Users\user\Desktop\Mock Stream\site\Tools\speaking-test-builder.html","819","                      text: 'You are an expert at extracting text from IELTS Speaking test images. Look carefully at this image and extract the question text. Return ONLY the question text itself, no extra commentary. If there are bullet points, include them. If there are FOR/AGAINST points, include them with labels. Be precise and accurate.'"
"C:\Users\user\Desktop\Mock Stream\site\Tools\speaking-test-builder.html","916","                      text: 'You are an expert at extracting text from IELTS Speaking test images. Look carefully at this image and extract the question text. Return ONLY the question text itself, no extra commentary. If there are bullet points, include them. If there are FOR/AGAINST points, include them with labels. Be precise and accurate.'"
"C:\Users\user\Desktop\Mock Stream\site\Tools\speaking-test-builder.html","1315","            content: `You are an IELTS Speaking test expert who creates band 8.5-9 level sample answers that sound completely natural and human-like, NOT robotic or AI-generated."
"C:\Users\user\Desktop\Mock Stream\site\Tools\speaking-test-builder.html","1380","            content: `You are an IELTS Speaking test expert who creates band 8.5-9 level sample answers that sound completely natural and human-like, NOT robotic or AI-generated."
"C:\Users\user\Desktop\Mock Stream\site\Tools\speaking-test-builder.html","1561","              content: `Generate topic vocabulary for IELTS Speaking. Create:"
"C:\Users\user\Desktop\Mock Stream\site\Tools\speaking-test-builder.html","1803","                      text: 'Describe these two images in detail for IELTS Speaking practice. Focus on: objects, people, activities, settings, colors, emotions. Keep descriptions clear and suitable for speaking practice.'"
"C:\Users\user\Desktop\Mock Stream\site\Tools\speaking-test-builder.html","1893","                  content: `You are an IELTS Speaking expert. Generate a BAND 9 level sample answer with proper HTML formatting:"
"C:\Users\user\Desktop\Mock Stream\site\Tools\speaking-test-builder.html","1939","                  content: `You are an IELTS Speaking vocabulary expert. Generate Band 9 vocabulary for the given topic."
"C:\Users\user\Desktop\Mock Stream\site\Tools\speaking-test-builder.html","2781","                  text: `Extract IELTS Speaking questions from these images. Return them in this exact format:"
"C:\Users\user\Desktop\Mock Stream\site\Tools\speaking-test-builder.html","2903","                    text: 'Extract all IELTS Speaking questions from this image. Return ONLY the questions, one per line, numbered 1-8. Remove any instructions or extra text. If fewer than 8 questions, return what you find.'"
"C:\Users\user\Desktop\Mock Stream\site\Tools\test-builder.html","1260","            prompt = `Generate ${count} B2-C1 level vocabulary questions asking for synonyms. Use academic and IELTS-relevant words.`;"
"C:\Users\user\Desktop\Mock Stream\site\Tools\writing-test-builder.html","2059","              content: `You are an IELTS Writing expert creating Band 9 sample answers. Write naturally, like a real human would write - NOT robotic or AI-like."
"C:\Users\user\Desktop\Mock Stream\site\Tools\writing-test-builder.html","2128","            content: `Generate topic-specific vocabulary for IELTS Writing tasks. Return ONLY valid JSON with this exact structure:"
"C:\Users\user\Desktop\Mock Stream\site\IELTS Listening Mocks.html","7","  <title>IELTS Listening Mock Tests</title>"
"C:\Users\user\Desktop\Mock Stream\site\IELTS Listening Mocks.html","12","      /* IELTS Red */"
"C:\Users\user\Desktop\Mock Stream\site\IELTS Listening Mocks.html","426","      <p>Please enter your full name before starting the IELTS listening test. This will be included in your results."
"C:\Users\user\Desktop\Mock Stream\site\IELTS Listening Mocks.html","458","          <div class=""official-line3"">?? IELTS Listening Test</div>"
"C:\Users\user\Desktop\Mock Stream\site\IELTS Listening Mocks.html","488","        id: 'ielts-listening-test-01',"
"C:\Users\user\Desktop\Mock Stream\site\IELTS Listening Mocks.html","489","        title: 'IELTS Listening Practice Test 01',"
"C:\Users\user\Desktop\Mock Stream\site\IELTS Listening Mocks.html","493","        level: 'IELTS',"
"C:\Users\user\Desktop\Mock Stream\site\IELTS Listening Mocks.html","497","        id: 'ielts-listening-test-02',"
"C:\Users\user\Desktop\Mock Stream\site\IELTS Listening Mocks.html","498","        title: 'IELTS Listening Practice Test 02',"
"C:\Users\user\Desktop\Mock Stream\site\IELTS Listening Mocks.html","502","        level: 'IELTS',"
"C:\Users\user\Desktop\Mock Stream\site\IELTS Listening Mocks.html","506","        id: 'ielts-listening-test-03',"
"C:\Users\user\Desktop\Mock Stream\site\IELTS Listening Mocks.html","507","        title: 'IELTS Listening Practice Test 03',"
"C:\Users\user\Desktop\Mock Stream\site\IELTS Listening Mocks.html","511","        level: 'IELTS',"
"C:\Users\user\Desktop\Mock Stream\site\IELTS Listening Mocks.html","515","        id: 'ielts-listening-test-04',"
"C:\Users\user\Desktop\Mock Stream\site\IELTS Listening Mocks.html","516","        title: 'IELTS Listening Practice Test 04',"
"C:\Users\user\Desktop\Mock Stream\site\IELTS Listening Mocks.html","520","        level: 'IELTS',"
"C:\Users\user\Desktop\Mock Stream\site\IELTS Listening Mocks.html","530","      card.href = test.available ? `IELTS listening.html?test=${test.id}` : '#';"
"C:\Users\user\Desktop\Mock Stream\site\IELTS listening.html","7","  <title>IELTS Listening Mock Test</title>"
"C:\Users\user\Desktop\Mock Stream\site\IELTS listening.html","17","      /* IELTS Red */"
"C:\Users\user\Desktop\Mock Stream\site\IELTS listening.html","2499","<body class=""ielts-listening"">"
"C:\Users\user\Desktop\Mock Stream\site\IELTS listening.html","2527","        <a href=""IELTS Listening Mocks.html"" onclick=""goBack(); return false;"" class=""back-btn"">?</a>"
"C:\Users\user\Desktop\Mock Stream\site\IELTS listening.html","2529","        <span class=""header-title"">?? IELTS Listening Mock</span>"
"C:\Users\user\Desktop\Mock Stream\site\IELTS listening.html","2777","      window.location.href = 'IELTS Listening Mocks.html';"
"C:\Users\user\Desktop\Mock Stream\site\IELTS listening.html","2782","    const testFile = urlParams.get('test') || 'ielts-listening-test-01';"
"C:\Users\user\Desktop\Mock Stream\site\IELTS listening.html","2804","      script.src = 'questions IELTS L/' + testFile + '.js';"
"C:\Users\user\Desktop\Mock Stream\site\IELTS listening.html","2806","        if (window.IELTS_LISTENING_TEST) {"
"C:\Users\user\Desktop\Mock Stream\site\IELTS listening.html","2807","          TEST_DATA = window.IELTS_LISTENING_TEST;"
"C:\Users\user\Desktop\Mock Stream\site\IELTS listening.html","3447","      const IELTS_TABLE = {"
"C:\Users\user\Desktop\Mock Stream\site\IELTS listening.html","3454","      return IELTS_TABLE[correct] || 0;"
"C:\Users\user\Desktop\Mock Stream\site\IELTS listening.html","3649","        const testIdentifier = TEST_DATA?.testInfo?.title || 'IELTS Listening Test';"
"C:\Users\user\Desktop\Mock Stream\site\IELTS listening.html","3675","        // Calculate IELTS Level based on actual score"
"C:\Users\user\Desktop\Mock Stream\site\IELTS listening.html","3676","        function getIELTSLevel(s) {"
"C:\Users\user\Desktop\Mock Stream\site\IELTS listening.html","3683","        const ieltsResult = getIELTSLevel(scaledScore);"
"C:\Users\user\Desktop\Mock Stream\site\IELTS listening.html","3793","        const reportHtml = '<!DOCTYPE html><html lang=""en""><head><meta charset=""UTF-8""><title>IELTS Listening Results</title><style>' +"
"C:\Users\user\Desktop\Mock Stream\site\IELTS listening.html","3847","          '<h1>?? IELTS Listening Mock ' + mockNum + '</h1>' +"
"C:\Users\user\Desktop\Mock Stream\site\IELTS listening.html","3851","          '<div style=""text-align:center;margin-bottom:20px;padding:20px;background:' + ieltsResult.bg + ';border-radius:12px;border:3px solid ' + ieltsResult.color + '"">' +"
"C:\Users\user\Desktop\Mock Stream\site\IELTS listening.html","3853","          '<div style=""font-size:32px;font-weight:bold;color:' + ieltsResult.color + '"">' + ieltsResult.level + '</div></div>' +"
"C:\Users\user\Desktop\Mock Stream\site\IELTS listening.html","3872","            testType: 'IELTS Listening',"
"C:\Users\user\Desktop\Mock Stream\site\IELTS listening.html","3878","            cefrLevel: ieltsResult.level,"
"C:\Users\user\Desktop\Mock Stream\site\IELTS listening.html","4009","        // Custom IELTS Caption Format"
"C:\Users\user\Desktop\Mock Stream\site\IELTS listening.html","4010","        const caption = '?? IELTS Listening Mock ' + mockNum + '\n' +"
"C:\Users\user\Desktop\Mock Stream\site\IELTS listening.html","4012","          '?? IELTS score: ' + scaledScore.toFixed(1) + '\n' +"
"C:\Users\user\Desktop\Mock Stream\site\IELTS listening.html","4019","          '?? #' + testIdTag + '_' + dateTag + '_ielts\n' +"
"C:\Users\user\Desktop\Mock Stream\site\IELTS listening.html","4020","          '?? #' + testIdTag + '_' + monthTag + '_ielts\n' +"
"C:\Users\user\Desktop\Mock Stream\site\IELTS listening.html","4021","          '?? #' + testIdTag + '_' + yearTag + '_ielts\n' +"
"C:\Users\user\Desktop\Mock Stream\site\IELTS listening.html","4023","          '?? #all_' + dateTag + '_ielts\n' +"
"C:\Users\user\Desktop\Mock Stream\site\IELTS listening.html","4024","          '?? #all_' + monthTag + '_ielts\n' +"
"C:\Users\user\Desktop\Mock Stream\site\IELTS listening.html","4025","          '?? #all_' + yearTag + '_ielts\n' +"
"C:\Users\user\Desktop\Mock Stream\site\IELTS listening.html","4026","          '#IELTS\n' +"
"C:\Users\user\Desktop\Mock Stream\site\IELTS listening.html","5689","        window.location.href = 'IELTS Listening Mocks.html';"
"C:\Users\user\Desktop\Mock Stream\site\IELTS Reading Mocks.html","7","    <title>IELTS Reading Practice Tests</title>"
"C:\Users\user\Desktop\Mock Stream\site\IELTS Reading Mocks.html","253","            <h1>?? IELTS Reading Tests</h1>"
"C:\Users\user\Desktop\Mock Stream\site\IELTS Reading Mocks.html","303","            'ielts-reading-01.js',"
"C:\Users\user\Desktop\Mock Stream\site\IELTS Reading Mocks.html","304","            'ielts-reading-02.js',"
"C:\Users\user\Desktop\Mock Stream\site\IELTS Reading Mocks.html","305","            'ielts-reading-03.js',"
"C:\Users\user\Desktop\Mock Stream\site\IELTS Reading Mocks.html","306","            'ielts-reading-04.js',"
"C:\Users\user\Desktop\Mock Stream\site\IELTS Reading Mocks.html","307","            'ielts-reading-05.js',"
"C:\Users\user\Desktop\Mock Stream\site\IELTS Reading Mocks.html","308","            'ielts-reading-06.js',"
"C:\Users\user\Desktop\Mock Stream\site\IELTS Reading Mocks.html","309","            'ielts-reading-07.js',"
"C:\Users\user\Desktop\Mock Stream\site\IELTS Reading Mocks.html","310","            'ielts-reading-08.js',"
"C:\Users\user\Desktop\Mock Stream\site\IELTS Reading Mocks.html","311","            'ielts-reading-09.js',"
"C:\Users\user\Desktop\Mock Stream\site\IELTS Reading Mocks.html","312","            'ielts-reading-10.js',"
"C:\Users\user\Desktop\Mock Stream\site\IELTS Reading Mocks.html","313","            'ielts-reading-test-01.js',"
"C:\Users\user\Desktop\Mock Stream\site\IELTS Reading Mocks.html","314","            'ielts-reading-test-02.js',"
"C:\Users\user\Desktop\Mock Stream\site\IELTS Reading Mocks.html","315","            'ielts-reading-test-03.js',"
"C:\Users\user\Desktop\Mock Stream\site\IELTS Reading Mocks.html","316","            'ielts-reading-test-04.js',"
"C:\Users\user\Desktop\Mock Stream\site\IELTS Reading Mocks.html","317","            'ielts-reading-test-05.js',"
"C:\Users\user\Desktop\Mock Stream\site\IELTS Reading Mocks.html","318","            'ielts-reading-test-06.js',"
"C:\Users\user\Desktop\Mock Stream\site\IELTS Reading Mocks.html","319","            'ielts-reading-test-07.js',"
"C:\Users\user\Desktop\Mock Stream\site\IELTS Reading Mocks.html","320","            'ielts-reading-test-08.js',"
"C:\Users\user\Desktop\Mock Stream\site\IELTS Reading Mocks.html","321","            'ielts-reading-test-09.js',"
"C:\Users\user\Desktop\Mock Stream\site\IELTS Reading Mocks.html","322","            'ielts-reading-test-10.js'"
"C:\Users\user\Desktop\Mock Stream\site\IELTS Reading Mocks.html","328","                script.src = 'questions IELTS R/' + filename;"
"C:\Users\user\Desktop\Mock Stream\site\IELTS Reading Mocks.html","330","                    if (window.IELTS_READING_TEST) {"
"C:\Users\user\Desktop\Mock Stream\site\IELTS Reading Mocks.html","331","                        const test = window.IELTS_READING_TEST;"
"C:\Users\user\Desktop\Mock Stream\site\IELTS Reading Mocks.html","375","                        window.IELTS_READING_TEST = null;"
"C:\Users\user\Desktop\Mock Stream\site\IELTS Reading Mocks.html","408","                <a href=""IELTS reading.html?test=${test.file}"" class=""passage-card"">"
"C:\Users\user\Desktop\Mock Stream\site\IELTS Reading Mocks.html","442","                            <h2 style=""color: #0369a1; margin-bottom: 20px; font-weight: 700;"">Welcome to IELTS Reading</h2>"
"C:\Users\user\Desktop\Mock Stream\site\IELTS reading.html","10","    <title>Australian parrots and their adaptation to habitat change - IELTS reading practice test</title>"
"C:\Users\user\Desktop\Mock Stream\site\IELTS reading.html","1934","            <a class=""navbar-brand"" href=""#"">Mini-ielts.com</a>"
"C:\Users\user\Desktop\Mock Stream\site\IELTS reading.html","2002","                <a href=""IELTS Reading Mocks.html"" class=""btn-back"" title=""Back to Reading Tests"">"
"C:\Users\user\Desktop\Mock Stream\site\IELTS reading.html","2036","                    <a href=""IELTS Reading Mocks.html"" class=""btn-back"" title=""Back to Reading Tests"">"
"C:\Users\user\Desktop\Mock Stream\site\IELTS reading.html","2270","                    <p>This is a practice IELTS Reading test. Read the passage on the left and answer the questions on"
"C:\Users\user\Desktop\Mock Stream\site\IELTS reading.html","2372","    <!-- Load IELTS Reading test data dynamically from URL parameter -->"
"C:\Users\user\Desktop\Mock Stream\site\IELTS reading.html","2377","            const testFile = urlParams.get('test') || 'ielts-reading-01.js';"
"C:\Users\user\Desktop\Mock Stream\site\IELTS reading.html","2381","            script.src = 'questions IELTS R/' + testFile;"
"C:\Users\user\Desktop\Mock Stream\site\IELTS reading.html","2388","                window.location.href = 'IELTS Reading Mocks.html';"
"C:\Users\user\Desktop\Mock Stream\site\IELTS reading.html","2697","                        window.location.href = ""IELTS Reading Mocks.html"";"
"C:\Users\user\Desktop\Mock Stream\site\IELTS reading.html","2719","                        window.location.href = ""IELTS Reading Mocks.html"";"
"C:\Users\user\Desktop\Mock Stream\site\IELTS reading.html","2752","            var correctAnswers = (window.IELTS_READING_TEST && window.IELTS_READING_TEST.correctAnswers) || {"
"C:\Users\user\Desktop\Mock Stream\site\IELTS reading.html","2768","            var explanations = (window.IELTS_READING_TEST && window.IELTS_READING_TEST.explanations) || {"
"C:\Users\user\Desktop\Mock Stream\site\IELTS reading.html","2884","                        '<div style=""font-size:14px;margin-top:6px;font-weight:600;"">IELTS ACADEMIC READING</div>';"
"C:\Users\user\Desktop\Mock Stream\site\IELTS reading.html","3232","                            pdf.save(options.filename || 'IELTS_Academic_Reading.pdf');"
"C:\Users\user\Desktop\Mock Stream\site\IELTS reading.html","3502","                // Approximate IELTS Academic Reading scale adjusted for question count"
"C:\Users\user\Desktop\Mock Stream\site\IELTS reading.html","3535","                    const testIdentifier = (window.IELTS_READING_TEST && window.IELTS_READING_TEST.title) || 'IELTS Reading Test';"
"C:\Users\user\Desktop\Mock Stream\site\IELTS reading.html","3559","                    const testIdTag = 'IELTS';"
"C:\Users\user\Desktop\Mock Stream\site\IELTS reading.html","3561","                    // IELTS Format Caption (Candidate, Combined Date/Time, #IELTS)"
"C:\Users\user\Desktop\Mock Stream\site\IELTS reading.html","3562","                    const caption = '?? IELTS Reading Mock ' + mockNum + '\n' +"
"C:\Users\user\Desktop\Mock Stream\site\IELTS reading.html","3564","                        '?? IELTS score: ' + scaledScore.toFixed(1) + '\n' +"
"C:\Users\user\Desktop\Mock Stream\site\IELTS reading.html","3571","                        '?? #' + testIdTag + '_' + dateTag + '_ielts\n' +"
"C:\Users\user\Desktop\Mock Stream\site\IELTS reading.html","3572","                        '?? #' + testIdTag + '_' + monthTag + '_ielts\n' +"
"C:\Users\user\Desktop\Mock Stream\site\IELTS reading.html","3573","                        '?? #' + testIdTag + '_' + yearTag + '_ielts\n' +"
"C:\Users\user\Desktop\Mock Stream\site\IELTS reading.html","3575","                        '?? #all_' + dateTag + '_ielts\n' +"
"C:\Users\user\Desktop\Mock Stream\site\IELTS reading.html","3576","                        '?? #all_' + monthTag + '_ielts\n' +"
"C:\Users\user\Desktop\Mock Stream\site\IELTS reading.html","3577","                        '?? #all_' + yearTag + '_ielts\n' +"
"C:\Users\user\Desktop\Mock Stream\site\IELTS reading.html","3578","                        '#IELTS\n' +"
"C:\Users\user\Desktop\Mock Stream\site\IELTS reading.html","3582","                    const htmlContent = `<!DOCTYPE html><html><head><meta charset=""UTF-8""><title>Reading Result</title></head><body style=""font-family:sans-serif;padding:20px;""><h1>IELTS Reading Result</h1><p><strong>Candidate:</strong> ${candidateName}</p><p><strong>Test:</strong> ${testIdentifier}</p><p><strong>Score:</strong> ${scaledScore} / 9.0</p><p><strong>Raw Score:</strong> ${score} / ${total}</p><p><strong>Date:</strong> ${now.toLocaleString()}</p></body></html>`;"
"C:\Users\user\Desktop\Mock Stream\site\IELTS reading.html","3585","                    const filename = safeName + '_IELTS_Reading_' + now.toISOString().slice(0, 10) + '.html';"
"C:\Users\user\Desktop\Mock Stream\site\IELTS reading.html","4362","                var test = window.IELTS_READING_TEST;"
"C:\Users\user\Desktop\Mock Stream\site\IELTS reading.html","4381","                        document.title = passage.title + ' - IELTS Reading Practice Test';"
"C:\Users\user\Desktop\Mock Stream\site\IELTS reading.html","4392","                        document.title = test.title + ' - IELTS Reading Practice Test';"
"C:\Users\user\Desktop\Mock Stream\site\IELTS reading.html","4412","                var test = window.IELTS_READING_TEST;"
"C:\Users\user\Desktop\Mock Stream\site\IELTS reading.html","4649","                var test = window.IELTS_READING_TEST;"
"C:\Users\user\Desktop\Mock Stream\site\IELTS reading.html","4722","                var test = window.IELTS_READING_TEST;"
"C:\Users\user\Desktop\Mock Stream\site\IELTS reading.html","4781","                                <h2 style=""color: #0369a1; margin-bottom: 20px; font-weight: 700;"">Welcome to IELTS Reading</h2>"
"C:\Users\user\Desktop\Mock Stream\site\IELTS reading.html","4855","                if (window.IELTS_READING_TEST) {"
"C:\Users\user\Desktop\Mock Stream\site\IELTS Speaking Mocks.html","8","  <title>BBMA ? IELTS Speaking exam (no mic)</title>"
"C:\Users\user\Desktop\Mock Stream\site\IELTS Speaking Mocks.html","78","  <!-- Mock selection data for IELTS -->"
"C:\Users\user\Desktop\Mock Stream\site\IELTS Speaking Mocks.html","79","  <script src=""questions IELTS S/ielts-mocks-selection.js""></script>"
"C:\Users\user\Desktop\Mock Stream\site\IELTS Speaking Mocks.html","81","  <script src=""questions IELTS S/ielts-speaking-mock-1.js""></script>"
"C:\Users\user\Desktop\Mock Stream\site\IELTS Speaking Mocks.html","97","    // IELTS Speaking mocks are free - no promocode required"
"C:\Users\user\Desktop\Mock Stream\site\IELTS Speaking Mocks.html","2015","    /* Print styles for IELTS AI Details Popup */"
"C:\Users\user\Desktop\Mock Stream\site\IELTS Speaking Mocks.html","2017","      body>*:not(#ieltsAiDetailsPopupModal) {"
"C:\Users\user\Desktop\Mock Stream\site\IELTS Speaking Mocks.html","2021","      #ieltsAiDetailsPopupModal {"
"C:\Users\user\Desktop\Mock Stream\site\IELTS Speaking Mocks.html","2033","      #ieltsAiDetailsPopupModal>div {"
"C:\Users\user\Desktop\Mock Stream\site\IELTS Speaking Mocks.html","2042","      #ieltsAiDetailsPopupContent {"
"C:\Users\user\Desktop\Mock Stream\site\IELTS Speaking Mocks.html","2049","      #ieltsAiDetailsPopupModal button {"
"C:\Users\user\Desktop\Mock Stream\site\IELTS Speaking Mocks.html","2053","      #ieltsAiDetailsPopupModal [style*=""sticky""] {"
"C:\Users\user\Desktop\Mock Stream\site\IELTS Speaking Mocks.html","2431","          <option value=""questions IELTS S/ielts-speaking-mock-1.js"""
"C:\Users\user\Desktop\Mock Stream\site\IELTS Speaking Mocks.html","2434","          <option value=""questions IELTS S/ielts-speaking-mock-2.js"""
"C:\Users\user\Desktop\Mock Stream\site\IELTS Speaking Mocks.html","2581","      <!-- IELTS AI Score Display (shown after auto AI analysis) -->"
"C:\Users\user\Desktop\Mock Stream\site\IELTS Speaking Mocks.html","2582","      <div id=""ieltsAiScoreDisplay"""
"C:\Users\user\Desktop\Mock Stream\site\IELTS Speaking Mocks.html","2584","        <h4 style=""margin:0 0 16px;text-align:center;color:#dc2626;font-size:18px;font-weight:800;"">?? IELTS AI Band"
"C:\Users\user\Desktop\Mock Stream\site\IELTS Speaking Mocks.html","2590","            <div id=""ieltsOverallBand"" style=""font-size:36px;font-weight:900;"">?</div>"
"C:\Users\user\Desktop\Mock Stream\site\IELTS Speaking Mocks.html","2596","            <div id=""ieltsFCBand"" style=""font-size:24px;font-weight:800;color:#b45309;"">?</div>"
"C:\Users\user\Desktop\Mock Stream\site\IELTS Speaking Mocks.html","2600","            <div id=""ieltsLRBand"" style=""font-size:24px;font-weight:800;color:#2563eb;"">?</div>"
"C:\Users\user\Desktop\Mock Stream\site\IELTS Speaking Mocks.html","2604","            <div id=""ieltsGRABand"" style=""font-size:24px;font-weight:800;color:#7c3aed;"">?</div>"
"C:\Users\user\Desktop\Mock Stream\site\IELTS Speaking Mocks.html","2608","            <div id=""ieltsPBand"" style=""font-size:24px;font-weight:800;color:#db2777;"">?</div>"
"C:\Users\user\Desktop\Mock Stream\site\IELTS Speaking Mocks.html","2611","        <div id=""ieltsFeedbackBox"""
"C:\Users\user\Desktop\Mock Stream\site\IELTS Speaking Mocks.html","2614","          <p id=""ieltsFeedbackText"" style=""margin:0;font-size:11px;color:#15803d;line-height:1.5;""></p>"
"C:\Users\user\Desktop\Mock Stream\site\IELTS Speaking Mocks.html","2616","        <button id=""viewIeltsAiDetailsBtn"" onclick=""window.openIeltsAiDetailsPopup()"""
"C:\Users\user\Desktop\Mock Stream\site\IELTS Speaking Mocks.html","2619","        <!-- IELTS AI Retry Section -->"
"C:\Users\user\Desktop\Mock Stream\site\IELTS Speaking Mocks.html","2620","        <div id=""ieltsAiRetrySection"""
"C:\Users\user\Desktop\Mock Stream\site\IELTS Speaking Mocks.html","2623","          <p id=""ieltsAiRetryError"" style=""margin:0 0 12px;font-size:11px;color:#991b1b;"">Network error. Please check"
"C:\Users\user\Desktop\Mock Stream\site\IELTS Speaking Mocks.html","2625","          <button id=""ieltsAiRetryBtn"" onclick=""window.retryIeltsAiAnalysis()"""
"C:\Users\user\Desktop\Mock Stream\site\IELTS Speaking Mocks.html","2666","  <!-- IELTS AI Details Popup Modal -->"
"C:\Users\user\Desktop\Mock Stream\site\IELTS Speaking Mocks.html","2667","  <div id=""ieltsAiDetailsPopupModal"""
"C:\Users\user\Desktop\Mock Stream\site\IELTS Speaking Mocks.html","2673","        <h2 style=""margin:0;color:#dc2626;font-size:20px;font-weight:800;"">?? IELTS Speaking Analysis</h2>"
"C:\Users\user\Desktop\Mock Stream\site\IELTS Speaking Mocks.html","2675","          <button onclick=""window.printIeltsDetailedReport()"""
"C:\Users\user\Desktop\Mock Stream\site\IELTS Speaking Mocks.html","2678","          <button onclick=""window.closeIeltsAiDetailsPopup()"""
"C:\Users\user\Desktop\Mock Stream\site\IELTS Speaking Mocks.html","2683","      <div id=""ieltsAiDetailsPopupContent""></div>"
"C:\Users\user\Desktop\Mock Stream\site\IELTS Speaking Mocks.html","5741","        // Dynamically get number of questions from loaded data (IELTS: 17, CEFR: 8)"
"C:\Users\user\Desktop\Mock Stream\site\IELTS Speaking Mocks.html","7005","            // Q4 is IELTS Cue Card (Bullet points)"
"C:\Users\user\Desktop\Mock Stream\site\IELTS Speaking Mocks.html","7312","            audio: 'https://storage.googleapis.com/mockstream-listening-audio/IELTS%20Speaking%20audios/Part%20one.mp3'"
"C:\Users\user\Desktop\Mock Stream\site\IELTS Speaking Mocks.html","7325","            audio: 'https://storage.googleapis.com/mockstream-listening-audio/IELTS%20Speaking%20audios/Part%20two.mp3'"
"C:\Users\user\Desktop\Mock Stream\site\IELTS Speaking Mocks.html","7338","            audio: 'https://storage.googleapis.com/mockstream-listening-audio/IELTS%20Speaking%20audios/Part%20two%20follow-up.mp3'"
"C:\Users\user\Desktop\Mock Stream\site\IELTS Speaking Mocks.html","7351","            audio: 'https://storage.googleapis.com/mockstream-listening-audio/IELTS%20Speaking%20audios/Part%20three.mp3'"
"C:\Users\user\Desktop\Mock Stream\site\IELTS Speaking Mocks.html","8685","      // ===== AUTO IELTS AI ANALYSIS FUNCTION ====="
"C:\Users\user\Desktop\Mock Stream\site\IELTS Speaking Mocks.html","8686","      async function runAutoIeltsAiAnalysis(maxRetries = 3) {"
"C:\Users\user\Desktop\Mock Stream\site\IELTS Speaking Mocks.html","8687","        console.log('?? Starting AUTO IELTS Speaking AI Analysis...');"
"C:\Users\user\Desktop\Mock Stream\site\IELTS Speaking Mocks.html","8696","              console.warn(`IELTS AI attempt ${attempt}/${retries} failed:`, err.message);"
"C:\Users\user\Desktop\Mock Stream\site\IELTS Speaking Mocks.html","8706","          const bar = document.getElementById(`ielts${part}Bar`);"
"C:\Users\user\Desktop\Mock Stream\site\IELTS Speaking Mocks.html","8707","          const statusEl = document.getElementById(`ielts${part}Status`);"
"C:\Users\user\Desktop\Mock Stream\site\IELTS Speaking Mocks.html","8798","          // Send to Gemini for IELTS band scoring with retry"
"C:\Users\user\Desktop\Mock Stream\site\IELTS Speaking Mocks.html","8801","              text: `You are an expert IELTS Speaking examiner. Score this candidate's responses using the OFFICIAL IELTS Speaking Band Descriptors."
"C:\Users\user\Desktop\Mock Stream\site\IELTS Speaking Mocks.html","8804","                    IELTS SPEAKING BAND DESCRIPTORS"
"C:\Users\user\Desktop\Mock Stream\site\IELTS Speaking Mocks.html","8807","IELTS Speaking is scored on FOUR criteria, each receiving a band score from 0-9:"
"C:\Users\user\Desktop\Mock Stream\site\IELTS Speaking Mocks.html","8860","                    IELTS SPEAKING TEST STRUCTURE"
"C:\Users\user\Desktop\Mock Stream\site\IELTS Speaking Mocks.html","8988","          // Extract and validate IELTS band scores"
"C:\Users\user\Desktop\Mock Stream\site\IELTS Speaking Mocks.html","9007","          console.log(`? IELTS Auto AI Complete: Overall ${overallBand} (FC:${fc} LR:${lr} GRA:${gra} P:${p})`);"
"C:\Users\user\Desktop\Mock Stream\site\IELTS Speaking Mocks.html","9034","          console.error('Auto IELTS AI Error:', err);"
"C:\Users\user\Desktop\Mock Stream\site\IELTS Speaking Mocks.html","9039","      // Manual retry function for IELTS AI analysis"
"C:\Users\user\Desktop\Mock Stream\site\IELTS Speaking Mocks.html","9040","      window.retryIeltsAiAnalysis = async function () {"
"C:\Users\user\Desktop\Mock Stream\site\IELTS Speaking Mocks.html","9041","        const retryBtn = document.getElementById('ieltsAiRetryBtn');"
"C:\Users\user\Desktop\Mock Stream\site\IELTS Speaking Mocks.html","9042","        const retrySection = document.getElementById('ieltsAiRetrySection');"
"C:\Users\user\Desktop\Mock Stream\site\IELTS Speaking Mocks.html","9048","          const ieltsAiResult = await runAutoIeltsAiAnalysis();"
"C:\Users\user\Desktop\Mock Stream\site\IELTS Speaking Mocks.html","9050","          if (ieltsAiResult) {"
"C:\Users\user\Desktop\Mock Stream\site\IELTS Speaking Mocks.html","9052","            window.ieltsAutoAiResult = ieltsAiResult;"
"C:\Users\user\Desktop\Mock Stream\site\IELTS Speaking Mocks.html","9054","            document.getElementById('ieltsOverallBand').textContent = ieltsAiResult.overallBand;"
"C:\Users\user\Desktop\Mock Stream\site\IELTS Speaking Mocks.html","9055","            document.getElementById('ieltsFCBand').textContent = ieltsAiResult.fc;"
"C:\Users\user\Desktop\Mock Stream\site\IELTS Speaking Mocks.html","9056","            document.getElementById('ieltsLRBand').textContent = ieltsAiResult.lr;"
"C:\Users\user\Desktop\Mock Stream\site\IELTS Speaking Mocks.html","9057","            document.getElementById('ieltsGRABand').textContent = ieltsAiResult.gra;"
"C:\Users\user\Desktop\Mock Stream\site\IELTS Speaking Mocks.html","9058","            document.getElementById('ieltsPBand').textContent = ieltsAiResult.p;"
"C:\Users\user\Desktop\Mock Stream\site\IELTS Speaking Mocks.html","9060","            if (ieltsAiResult.feedback) {"
"C:\Users\user\Desktop\Mock Stream\site\IELTS Speaking Mocks.html","9061","              document.getElementById('ieltsFeedbackText').textContent = ieltsAiResult.feedback;"
"C:\Users\user\Desktop\Mock Stream\site\IELTS Speaking Mocks.html","9064","            if (ieltsAiResult.questionFeedback || ieltsAiResult.transcriptions) {"
"C:\Users\user\Desktop\Mock Stream\site\IELTS Speaking Mocks.html","9065","              const viewBtn = document.getElementById('viewIeltsAiDetailsBtn');"
"C:\Users\user\Desktop\Mock Stream\site\IELTS Speaking Mocks.html","9067","              window.ieltsAiDetailsData = {"
"C:\Users\user\Desktop\Mock Stream\site\IELTS Speaking Mocks.html","9068","                feedback: ieltsAiResult.feedback,"
"C:\Users\user\Desktop\Mock Stream\site\IELTS Speaking Mocks.html","9069","                questionFeedback: ieltsAiResult.questionFeedback,"
"C:\Users\user\Desktop\Mock Stream\site\IELTS Speaking Mocks.html","9070","                transcriptions: ieltsAiResult.transcriptions,"
"C:\Users\user\Desktop\Mock Stream\site\IELTS Speaking Mocks.html","9071","                questionRelevance: ieltsAiResult.questionRelevance,"
"C:\Users\user\Desktop\Mock Stream\site\IELTS Speaking Mocks.html","9072","                questionCorrected: ieltsAiResult.questionCorrected,"
"C:\Users\user\Desktop\Mock Stream\site\IELTS Speaking Mocks.html","9073","                questionSample: ieltsAiResult.questionSample,"
"C:\Users\user\Desktop\Mock Stream\site\IELTS Speaking Mocks.html","9075","                  overall: ieltsAiResult.overallBand,"
"C:\Users\user\Desktop\Mock Stream\site\IELTS Speaking Mocks.html","9076","                  fc: ieltsAiResult.fc,"
"C:\Users\user\Desktop\Mock Stream\site\IELTS Speaking Mocks.html","9077","                  lr: ieltsAiResult.lr,"
"C:\Users\user\Desktop\Mock Stream\site\IELTS Speaking Mocks.html","9078","                  gra: ieltsAiResult.gra,"
"C:\Users\user\Desktop\Mock Stream\site\IELTS Speaking Mocks.html","9079","                  p: ieltsAiResult.p"
"C:\Users\user\Desktop\Mock Stream\site\IELTS Speaking Mocks.html","9085","            if (window._ieltsZipBlob) {"
"C:\Users\user\Desktop\Mock Stream\site\IELTS Speaking Mocks.html","9120","                const cefrLevel = bandToCefr(ieltsAiResult.overallBand);"
"C:\Users\user\Desktop\Mock Stream\site\IELTS Speaking Mocks.html","9122","                caption += `\n?? AI Scoring:\n?? Speaking Score: ${ieltsAiResult.overallBand}/9.0\n?? CEFR Level: ${cefrLevel}\n\n?? FC: ${ieltsAiResult.fc}/9.0\n?? LR: ${ieltsAiResult.lr}/9.0\n?? GRA: ${ieltsAiResult.gra}/9.0\n?? P: ${ieltsAiResult.p}/9.0\n#AI_Scored\n`;"
"C:\Users\user\Desktop\Mock Stream\site\IELTS Speaking Mocks.html","9124","                caption += `\n??? Center: #${speakingTestId}\n?? #${speakingTestId}_${dateTag}_IELTS\n?? #${speakingTestId}_${monthTag}_IELTS\n?? #${speakingTestId}_${yearTag}_IELTS\nOverall:\n?? #all_${dateTag}_IELTS\n?? #all_${monthTag}_IELTS\n?? #all_${yearTag}_IELTS\n#Speaking #${cefrLevel}\n#IELTS`;"
"C:\Users\user\Desktop\Mock Stream\site\IELTS Speaking Mocks.html","9128","                const file = new File([window._ieltsZipBlob], `${studentNameZip}.zip`, { type: 'application/zip' });"
"C:\Users\user\Desktop\Mock Stream\site\IELTS Speaking Mocks.html","9163","          console.error('Retry IELTS AI failed:', err);"
"C:\Users\user\Desktop\Mock Stream\site\IELTS Speaking Mocks.html","9164","          document.getElementById('ieltsAiRetryError').textContent = err.message || 'Retry failed. Please try again.';"
"C:\Users\user\Desktop\Mock Stream\site\IELTS Speaking Mocks.html","9170","      // IELTS AI Details Popup"
"C:\Users\user\Desktop\Mock Stream\site\IELTS Speaking Mocks.html","9171","      function openIeltsAiDetailsPopup() {"
"C:\Users\user\Desktop\Mock Stream\site\IELTS Speaking Mocks.html","9172","        const modal = document.getElementById('ieltsAiDetailsPopupModal');"
"C:\Users\user\Desktop\Mock Stream\site\IELTS Speaking Mocks.html","9173","        const content = document.getElementById('ieltsAiDetailsPopupContent');"
"C:\Users\user\Desktop\Mock Stream\site\IELTS Speaking Mocks.html","9174","        const data = window.ieltsAiDetailsData;"
"C:\Users\user\Desktop\Mock Stream\site\IELTS Speaking Mocks.html","9325","      function closeIeltsAiDetailsPopup() {"
"C:\Users\user\Desktop\Mock Stream\site\IELTS Speaking Mocks.html","9326","        document.getElementById('ieltsAiDetailsPopupModal').style.display = 'none';"
"C:\Users\user\Desktop\Mock Stream\site\IELTS Speaking Mocks.html","9330","      function printIeltsDetailedReport() {"
"C:\Users\user\Desktop\Mock Stream\site\IELTS Speaking Mocks.html","9331","        const allDetails = document.querySelectorAll('#ieltsAiDetailsPopupModal details');"
"C:\Users\user\Desktop\Mock Stream\site\IELTS Speaking Mocks.html","9336","      window.openIeltsAiDetailsPopup = openIeltsAiDetailsPopup;"
"C:\Users\user\Desktop\Mock Stream\site\IELTS Speaking Mocks.html","9337","      window.closeIeltsAiDetailsPopup = closeIeltsAiDetailsPopup;"
"C:\Users\user\Desktop\Mock Stream\site\IELTS Speaking Mocks.html","9338","      window.printIeltsDetailedReport = printIeltsDetailedReport;"
"C:\Users\user\Desktop\Mock Stream\site\IELTS Speaking Mocks.html","9377","          // ===== AUTO IELTS AI ANALYSIS ====="
"C:\Users\user\Desktop\Mock Stream\site\IELTS Speaking Mocks.html","9378","          console.log('?? Starting auto IELTS AI analysis...');"
"C:\Users\user\Desktop\Mock Stream\site\IELTS Speaking Mocks.html","9382","                <h3 style=""color:#dc2626;margin:0 0 16px;font-size:18px"">?? AI Analyzing Your IELTS Speaking...</h3>"
"C:\Users\user\Desktop\Mock Stream\site\IELTS Speaking Mocks.html","9387","                      <span id=""ieltsP1Status"" style=""font-size:12px;color:#6b7280"">Waiting...</span>"
"C:\Users\user\Desktop\Mock Stream\site\IELTS Speaking Mocks.html","9390","                      <div id=""ieltsP1Bar"" style=""background:#3b82f6;height:100%;width:0%;transition:width 0.3s""></div>"
"C:\Users\user\Desktop\Mock Stream\site\IELTS Speaking Mocks.html","9396","                      <span id=""ieltsP2Status"" style=""font-size:12px;color:#6b7280"">Waiting...</span>"
"C:\Users\user\Desktop\Mock Stream\site\IELTS Speaking Mocks.html","9399","                      <div id=""ieltsP2Bar"" style=""background:#f59e0b;height:100%;width:0%;transition:width 0.3s""></div>"
"C:\Users\user\Desktop\Mock Stream\site\IELTS Speaking Mocks.html","9405","                      <span id=""ieltsP3Status"" style=""font-size:12px;color:#6b7280"">Waiting...</span>"
"C:\Users\user\Desktop\Mock Stream\site\IELTS Speaking Mocks.html","9408","                      <div id=""ieltsP3Bar"" style=""background:#22c55e;height:100%;width:0%;transition:width 0.3s""></div>"
"C:\Users\user\Desktop\Mock Stream\site\IELTS Speaking Mocks.html","9412","                <p style=""color:#6b7280;font-size:12px;margin-top:12px"">This may take 1-2 minutes for accurate IELTS band scoring...</p>"
"C:\Users\user\Desktop\Mock Stream\site\IELTS Speaking Mocks.html","9416","          let ieltsAiResult = null;"
"C:\Users\user\Desktop\Mock Stream\site\IELTS Speaking Mocks.html","9417","          let ieltsAiError = null;"
"C:\Users\user\Desktop\Mock Stream\site\IELTS Speaking Mocks.html","9424","                const retryNote = document.querySelector('#ieltsAiRetryNote');"
"C:\Users\user\Desktop\Mock Stream\site\IELTS Speaking Mocks.html","9429","                  noteEl.id = 'ieltsAiRetryNote';"
"C:\Users\user\Desktop\Mock Stream\site\IELTS Speaking Mocks.html","9436","                  const bar = document.getElementById(`ielts${part}Bar`);"
"C:\Users\user\Desktop\Mock Stream\site\IELTS Speaking Mocks.html","9437","                  const st = document.getElementById(`ielts${part}Status`);"
"C:\Users\user\Desktop\Mock Stream\site\IELTS Speaking Mocks.html","9444","              ieltsAiResult = await runAutoIeltsAiAnalysis();"
"C:\Users\user\Desktop\Mock Stream\site\IELTS Speaking Mocks.html","9445","              if (ieltsAiResult) break; // Success"
"C:\Users\user\Desktop\Mock Stream\site\IELTS Speaking Mocks.html","9448","              ieltsAiError = aiErr.message || 'Network error';"
"C:\Users\user\Desktop\Mock Stream\site\IELTS Speaking Mocks.html","9449","              ieltsAiResult = null;"
"C:\Users\user\Desktop\Mock Stream\site\IELTS Speaking Mocks.html","9456","          if (ieltsAiResult) {"
"C:\Users\user\Desktop\Mock Stream\site\IELTS Speaking Mocks.html","9457","            console.log('? IELTS Auto AI completed:', ieltsAiResult.overallBand);"
"C:\Users\user\Desktop\Mock Stream\site\IELTS Speaking Mocks.html","9458","            window.ieltsAutoAiResult = ieltsAiResult;"
"C:\Users\user\Desktop\Mock Stream\site\IELTS Speaking Mocks.html","9462","            const aiDisplay = document.getElementById('ieltsAiScoreDisplay');"
"C:\Users\user\Desktop\Mock Stream\site\IELTS Speaking Mocks.html","9464","              document.getElementById('ieltsOverallBand').textContent = ieltsAiResult.overallBand;"
"C:\Users\user\Desktop\Mock Stream\site\IELTS Speaking Mocks.html","9465","              document.getElementById('ieltsFCBand').textContent = ieltsAiResult.fc;"
"C:\Users\user\Desktop\Mock Stream\site\IELTS Speaking Mocks.html","9466","              document.getElementById('ieltsLRBand').textContent = ieltsAiResult.lr;"
"C:\Users\user\Desktop\Mock Stream\site\IELTS Speaking Mocks.html","9467","              document.getElementById('ieltsGRABand').textContent = ieltsAiResult.gra;"
"C:\Users\user\Desktop\Mock Stream\site\IELTS Speaking Mocks.html","9468","              document.getElementById('ieltsPBand').textContent = ieltsAiResult.p;"
"C:\Users\user\Desktop\Mock Stream\site\IELTS Speaking Mocks.html","9470","              if (ieltsAiResult.feedback) {"
"C:\Users\user\Desktop\Mock Stream\site\IELTS Speaking Mocks.html","9471","                document.getElementById('ieltsFeedbackText').textContent = ieltsAiResult.feedback;"
"C:\Users\user\Desktop\Mock Stream\site\IELTS Speaking Mocks.html","9474","              if (ieltsAiResult.questionFeedback || ieltsAiResult.transcriptions) {"
"C:\Users\user\Desktop\Mock Stream\site\IELTS Speaking Mocks.html","9475","                const viewBtn = document.getElementById('viewIeltsAiDetailsBtn');"
"C:\Users\user\Desktop\Mock Stream\site\IELTS Speaking Mocks.html","9477","                window.ieltsAiDetailsData = {"
"C:\Users\user\Desktop\Mock Stream\site\IELTS Speaking Mocks.html","9478","                  feedback: ieltsAiResult.feedback,"
"C:\Users\user\Desktop\Mock Stream\site\IELTS Speaking Mocks.html","9479","                  questionFeedback: ieltsAiResult.questionFeedback,"
"C:\Users\user\Desktop\Mock Stream\site\IELTS Speaking Mocks.html","9480","                  transcriptions: ieltsAiResult.transcriptions,"
"C:\Users\user\Desktop\Mock Stream\site\IELTS Speaking Mocks.html","9481","                  questionRelevance: ieltsAiResult.questionRelevance,"
"C:\Users\user\Desktop\Mock Stream\site\IELTS Speaking Mocks.html","9482","                  questionCorrected: ieltsAiResult.questionCorrected,"
"C:\Users\user\Desktop\Mock Stream\site\IELTS Speaking Mocks.html","9483","                  questionSample: ieltsAiResult.questionSample,"
"C:\Users\user\Desktop\Mock Stream\site\IELTS Speaking Mocks.html","9485","                    overall: ieltsAiResult.overallBand,"
"C:\Users\user\Desktop\Mock Stream\site\IELTS Speaking Mocks.html","9486","                    fc: ieltsAiResult.fc,"
"C:\Users\user\Desktop\Mock Stream\site\IELTS Speaking Mocks.html","9487","                    lr: ieltsAiResult.lr,"
"C:\Users\user\Desktop\Mock Stream\site\IELTS Speaking Mocks.html","9488","                    gra: ieltsAiResult.gra,"
"C:\Users\user\Desktop\Mock Stream\site\IELTS Speaking Mocks.html","9489","                    p: ieltsAiResult.p"
"C:\Users\user\Desktop\Mock Stream\site\IELTS Speaking Mocks.html","9497","            console.warn('?? IELTS Auto AI analysis failed');"
"C:\Users\user\Desktop\Mock Stream\site\IELTS Speaking Mocks.html","9499","            const aiDisplay = document.getElementById('ieltsAiScoreDisplay');"
"C:\Users\user\Desktop\Mock Stream\site\IELTS Speaking Mocks.html","9500","            const retrySection = document.getElementById('ieltsAiRetrySection');"
"C:\Users\user\Desktop\Mock Stream\site\IELTS Speaking Mocks.html","9502","              document.getElementById('ieltsAiRetryError').textContent = ieltsAiError || 'AI analysis failed. Please try again.';"
"C:\Users\user\Desktop\Mock Stream\site\IELTS Speaking Mocks.html","9691","          // Generate Speaking Mock Report HTML (IELTS format with AI results)"
"C:\Users\user\Desktop\Mock Stream\site\IELTS Speaking Mocks.html","9692","          const autoAiResult = window.ieltsAutoAiResult || null;"
"C:\Users\user\Desktop\Mock Stream\site\IELTS Speaking Mocks.html","9694","          const reportHTML = generateIeltsReportHTML(reportQuestions, violations, autoAiResult, studentNameForReport);"
"C:\Users\user\Desktop\Mock Stream\site\IELTS Speaking Mocks.html","9717","          window._ieltsZipBlob = content;"
"C:\Users\user\Desktop\Mock Stream\site\IELTS Speaking Mocks.html","9740","          // IELTS band to CEFR level mapping"
"C:\Users\user\Desktop\Mock Stream\site\IELTS Speaking Mocks.html","9752","          const aiResult = window.ieltsAutoAiResult;"
"C:\Users\user\Desktop\Mock Stream\site\IELTS Speaking Mocks.html","9774","          caption += `\n??? Center: #${speakingTestId}\n?? #${speakingTestId}_${dateTag}_IELTS\n?? #${speakingTestId}_${monthTag}_IELTS\n?? #${speakingTestId}_${yearTag}_IELTS\nOverall:\n?? #all_${dateTag}_IELTS\n?? #all_${monthTag}_IELTS\n?? #all_${yearTag}_IELTS\n#Speaking #${aiResult ? bandToCefr(aiResult.overallBand) : 'IELTS'}\n#IELTS`;"
"C:\Users\user\Desktop\Mock Stream\site\IELTS Speaking Mocks.html","11587","              text: `You are an expert examiner for the UZBEKISTANI NATIONAL FOREIGN LANGUAGE ASSESSMENT (Multilevel Speaking Exam). You assess candidates using the OFFICIAL UZBEKISTANI rating scale and band descriptors, NOT IELTS."
"C:\Users\user\Desktop\Mock Stream\site\IELTS Speaking Mocks.html","14425","- IELTS band prediction"
"C:\Users\user\Desktop\Mock Stream\site\IELTS Speaking Mocks.html","15276","    // Generate sidebar questions HTML dynamically from data (IELTS format: 17 questions)"
"C:\Users\user\Desktop\Mock Stream\site\IELTS Speaking Mocks.html","15664","      // IELTS Report Structure - returns object with 4 part groups"
"C:\Users\user\Desktop\Mock Stream\site\IELTS Speaking Mocks.html","15726","    // ===== IELTS EXAMINER REPORT HTML GENERATOR ====="
"C:\Users\user\Desktop\Mock Stream\site\IELTS Speaking Mocks.html","15727","    function generateIeltsReportHTML(reportQuestions, violations, autoAiResult, studentName) {"
"C:\Users\user\Desktop\Mock Stream\site\IELTS Speaking Mocks.html","15793","      // IELTS band to CEFR mapping"
"C:\Users\user\Desktop\Mock Stream\site\IELTS Speaking Mocks.html","15807","          <span style=""font-size:16px;"">??</span> IELTS Band Descriptors <span style=""margin-left:auto;font-size:11px;opacity:0.7;"">?</span>"
"C:\Users\user\Desktop\Mock Stream\site\IELTS Speaking Mocks.html","15835","  <title>IELTS Speaking Mock - Examiner Report</title>"
"C:\Users\user\Desktop\Mock Stream\site\IELTS Speaking Mocks.html","15874","      <h1 style=""color:#dc2626;margin:0;font-size:1.8rem;"">?? IELTS Speaking Mock - Examiner Report</h1>"
"C:\Users\user\Desktop\Mock Stream\site\IELTS Speaking Mocks.html","15993","      <h2>?? Final IELTS Speaking Assessment</h2>"
"C:\Users\user\Desktop\Mock Stream\site\IELTS Speaking Mocks.html","16031","          <h2 style=""margin:0;font-size:18px;font-weight:700;"">IELTS AI Speaking Assessment</h2>"
"C:\Users\user\Desktop\Mock Stream\site\IELTS Speaking Mocks.html","16174","        pdf.text('IELTS Speaking Mock - Examiner Report', pw / 2, y, { align: 'center' });"
"C:\Users\user\Desktop\Mock Stream\site\IELTS Speaking Mocks.html","16213","        pdf.text('Final IELTS Speaking Assessment', margin, y);"
"C:\Users\user\Desktop\Mock Stream\site\IELTS Speaking Mocks.html","16350","        var fileName = translit(studentName).replace(/[^a-zA-Z0-9]/g, '_') + '_IELTS_Speaking_Report.pdf';"
"C:\Users\user\Desktop\Mock Stream\site\ielts-full-mock.html","7","    <title>IELTS Full Mock Exam - Mock Stream</title>"
"C:\Users\user\Desktop\Mock Stream\site\ielts-full-mock.html","18","    <script src=""ielts-mock-config.js""></script>"
"C:\Users\user\Desktop\Mock Stream\site\ielts-full-mock.html","1656","            <h1 class=""gate-title"">IELTS Full Mock Exam</h1>"
"C:\Users\user\Desktop\Mock Stream\site\ielts-full-mock.html","1670","            <button id=""start-exam-btn"" class=""start-btn"">Begin IELTS Mock</button>"
"C:\Users\user\Desktop\Mock Stream\site\ielts-full-mock.html","1776","            <h2 style=""text-align:center;color:var(--primary);margin-bottom:24px;"">IELTS Exam Instructions</h2>"
"C:\Users\user\Desktop\Mock Stream\site\ielts-full-mock.html","1900","        // ===== IELTS FULL MOCK - CORE STATE ====="
"C:\Users\user\Desktop\Mock Stream\site\ielts-full-mock.html","1953","        // Test counts loaded from config file (ielts-mock-config.js)"
"C:\Users\user\Desktop\Mock Stream\site\ielts-full-mock.html","1955","        const TEST_COUNTS = window.IELTS_MOCK_CONFIG || { listening: 4, reading: 2, writing: 30, speaking: 1 };"
"C:\Users\user\Desktop\Mock Stream\site\ielts-full-mock.html","2108","            document.getElementById('start-exam-btn').textContent = 'Begin IELTS Mock';"
"C:\Users\user\Desktop\Mock Stream\site\ielts-full-mock.html","2127","            console.log('=== CONFIRMED IELTS SESSION TESTS ===');"
"C:\Users\user\Desktop\Mock Stream\site\ielts-full-mock.html","2182","                    startBtn.textContent = 'Begin IELTS Mock';"
"C:\Users\user\Desktop\Mock Stream\site\ielts-full-mock.html","2204","                startBtn.textContent = 'Begin IELTS Mock';"
"C:\Users\user\Desktop\Mock Stream\site\ielts-full-mock.html","2221","            console.log('IELTS Full Mock - Starting with Test IDs:', state.testIds);"
"C:\Users\user\Desktop\Mock Stream\site\ielts-full-mock.html","2240","            window.IELTS_LISTENING_TEST = window.IELTS_READING_TEST = window.IELTS_WRITING_TEST_DATA = window.SPEAKING_TEST_DATA = null;"
"C:\Users\user\Desktop\Mock Stream\site\ielts-full-mock.html","2249","            const folders = ['questions IELTS L', 'questions IELTS R', 'questions IELTS W', 'questions IELTS S'];"
"C:\Users\user\Desktop\Mock Stream\site\ielts-full-mock.html","2250","            const prefixes = ['ielts-listening-test-', 'ielts-reading-test-', 'ielts-mock-', 'ielts-speaking-mock-'];"
"C:\Users\user\Desktop\Mock Stream\site\ielts-full-mock.html","2252","            // Speaking files use format: ielts-speaking-mock-1.js (not 01)"
"C:\Users\user\Desktop\Mock Stream\site\ielts-full-mock.html","2258","                if (idx === 0) state.currentTestData = window.IELTS_LISTENING_TEST;"
"C:\Users\user\Desktop\Mock Stream\site\ielts-full-mock.html","2259","                else if (idx === 1) state.currentTestData = window.IELTS_READING_TEST;"
"C:\Users\user\Desktop\Mock Stream\site\ielts-full-mock.html","2260","                else if (idx === 2) state.currentTestData = window.IELTS_WRITING_TEST_DATA;"
"C:\Users\user\Desktop\Mock Stream\site\ielts-full-mock.html","2792","            // Passage header (IELTS format)"
"C:\Users\user\Desktop\Mock Stream\site\ielts-full-mock.html","2806","            // IELTS format: passage HTML content"
"C:\Users\user\Desktop\Mock Stream\site\ielts-full-mock.html","3662","            let prompt = `You are an IELTS Writing examiner. Grade the following IELTS Writing responses using the official IELTS band descriptors (Task Achievement, Coherence & Cohesion, Lexical Resource, Grammatical Range & Accuracy)."
"C:\Users\user\Desktop\Mock Stream\site\ielts-full-mock.html","3756","            let prompt = `You are an IELTS Speaking examiner. Grade the following IELTS Speaking responses using the official IELTS band descriptors (Fluency & Coherence, Lexical Resource, Grammatical Range & Accuracy, Pronunciation approximated from text)."
"C:\Users\user\Desktop\Mock Stream\site\ielts-full-mock.html","3899","                    <p style=""margin-top:20px;"">Calculating your IELTS scores...</p>"
"C:\Users\user\Desktop\Mock Stream\site\ielts-full-mock.html","3923","                    <h2 style=""color:var(--primary);margin-bottom:8px;"">IELTS Full Mock Results</h2>"
"C:\Users\user\Desktop\Mock Stream\site\ielts-full-mock.html","4033","            pdf.text('IELTS Mock Examination', w / 2, 35, { align: 'center' });"
"C:\Users\user\Desktop\Mock Stream\site\ielts-full-mock.html","4053","            pdf.text('has successfully completed the IELTS Full Mock Examination', w / 2, 90, { align: 'center' });"
"C:\Users\user\Desktop\Mock Stream\site\ielts-full-mock.html","4104","            pdf.text('This is a mock examination result and does not represent an official IELTS score.', w / 2, h - 20, { align: 'center' });"
"C:\Users\user\Desktop\Mock Stream\site\ielts-full-mock.html","4107","            pdf.save(`IELTS_Mock_${state.candidateName.replace(/\s+/g, '_')}.pdf`);"
"C:\Users\user\Desktop\Mock Stream\site\index.html","1735","      <li><a href=""Speaking IELTS Booking.html"" target=""_self""><span class=""menu-icon"">??</span> IELTS Speaking</a></li>"
"C:\Users\user\Desktop\Mock Stream\site\index.html","1736","      <li><a href=""Writing IELTS Mock.html"" target=""_self""><span class=""menu-icon"">??</span> IELTS Writing</a></li>"
"C:\Users\user\Desktop\Mock Stream\site\landing.html","1204","    .skill-section-title.ielts {"
"C:\Users\user\Desktop\Mock Stream\site\landing.html","1223","    .skill-section-title.ielts .section-badge {"
"C:\Users\user\Desktop\Mock Stream\site\landing.html","2946","    .writing-option-btn.ielts:hover {"
"C:\Users\user\Desktop\Mock Stream\site\landing.html","2951","    .writing-option-btn.ielts:hover .option-title {"
"C:\Users\user\Desktop\Mock Stream\site\landing.html","3045","    .speaking-option-btn.ielts:hover {"
"C:\Users\user\Desktop\Mock Stream\site\landing.html","3050","    .speaking-option-btn.ielts:hover .option-title {"
"C:\Users\user\Desktop\Mock Stream\site\landing.html","3147","    .listening-option-btn.ielts:hover {"
"C:\Users\user\Desktop\Mock Stream\site\landing.html","3152","    .listening-option-btn.ielts:hover .option-title {"
"C:\Users\user\Desktop\Mock Stream\site\landing.html","3248","    .reading-option-btn.ielts:hover {"
"C:\Users\user\Desktop\Mock Stream\site\landing.html","3253","    .reading-option-btn.ielts:hover .option-title {"
"C:\Users\user\Desktop\Mock Stream\site\landing.html","3355","    .fullmock-option-btn.ielts.disabled {"
"C:\Users\user\Desktop\Mock Stream\site\landing.html","3361","    .fullmock-option-btn.ielts.disabled:hover {"
"C:\Users\user\Desktop\Mock Stream\site\landing.html","3827","    /* ===== IELTS Speaking Mode Modal ===== */"
"C:\Users\user\Desktop\Mock Stream\site\landing.html","3828","    .ielts-speaking-mode-overlay {"
"C:\Users\user\Desktop\Mock Stream\site\landing.html","3843","    .ielts-speaking-mode-overlay.show {"
"C:\Users\user\Desktop\Mock Stream\site\landing.html","3847","    .ielts-speaking-mode-modal {"
"C:\Users\user\Desktop\Mock Stream\site\landing.html","3859","    .ielts-speaking-mode-modal h3 {"
"C:\Users\user\Desktop\Mock Stream\site\landing.html","3869","    .ielts-speaking-mode-modal>p {"
"C:\Users\user\Desktop\Mock Stream\site\landing.html","4033","      <!-- IELTS Section -->"
"C:\Users\user\Desktop\Mock Stream\site\landing.html","4035","        <div class=""skill-section-title ielts"">"
"C:\Users\user\Desktop\Mock Stream\site\landing.html","4036","          <span>??</span> IELTS"
"C:\Users\user\Desktop\Mock Stream\site\landing.html","4040","          <a href=""#"" onclick=""showIELTSSpeakingModeModal(); toggleSidebar(); return false;"" class=""skill-btn"">"
"C:\Users\user\Desktop\Mock Stream\site\landing.html","4044","          <a href=""Writing IELTS Mock.html"" class=""skill-btn"">"
"C:\Users\user\Desktop\Mock Stream\site\landing.html","4048","          <a href=""#"" onclick=""loadMock('IELTS Listening Mocks.html', 'listening'); return false;"" class=""skill-btn"">"
"C:\Users\user\Desktop\Mock Stream\site\landing.html","4052","          <a href=""#"" onclick=""loadMock('IELTS Reading Mocks.html', 'reading'); return false;"" class=""skill-btn"">"
"C:\Users\user\Desktop\Mock Stream\site\landing.html","4056","          <a href=""#"" onclick=""showIELTSFullMockOptions(); toggleSidebar(); return false;"""
"C:\Users\user\Desktop\Mock Stream\site\landing.html","4145","            <p id=""headerSubtitle"" style=""color: rgba(255, 255, 255, 0.9);"">A Smarter Way to Reach Your CEFR/IELTS Target</p>"
"C:\Users\user\Desktop\Mock Stream\site\landing.html","4303","        <button class=""writing-option-btn ielts"" onclick=""selectWritingType('ielts')"">"
"C:\Users\user\Desktop\Mock Stream\site\landing.html","4305","          <span class=""option-title"">IELTS</span>"
"C:\Users\user\Desktop\Mock Stream\site\landing.html","4325","        <button class=""listening-option-btn ielts"" onclick=""selectListeningType('ielts')"">"
"C:\Users\user\Desktop\Mock Stream\site\landing.html","4327","          <span class=""option-title"">IELTS</span>"
"C:\Users\user\Desktop\Mock Stream\site\landing.html","4347","        <button class=""reading-option-btn ielts"" onclick=""selectReadingType('ielts')"">"
"C:\Users\user\Desktop\Mock Stream\site\landing.html","4349","          <span class=""option-title"">IELTS</span>"
"C:\Users\user\Desktop\Mock Stream\site\landing.html","4369","        <button class=""fullmock-option-btn ielts"" onclick=""selectFullMockType('ielts')"">"
"C:\Users\user\Desktop\Mock Stream\site\landing.html","4371","          <span class=""option-title"">IELTS</span>"
"C:\Users\user\Desktop\Mock Stream\site\landing.html","4389","        <button class=""speaking-option-btn ielts"" onclick=""selectSpeakingType('ielts')"">"
"C:\Users\user\Desktop\Mock Stream\site\landing.html","4391","          <span class=""option-title"">IELTS</span>"
"C:\Users\user\Desktop\Mock Stream\site\landing.html","4405","  <!-- IELTS Speaking Mode Selection Modal -->"
"C:\Users\user\Desktop\Mock Stream\site\landing.html","4406","  <div class=""ielts-speaking-mode-overlay"" id=""ieltsSpeakingModeModal"" onclick=""closeIELTSSpeakingModeModal(event)"">"
"C:\Users\user\Desktop\Mock Stream\site\landing.html","4407","    <div class=""ielts-speaking-mode-modal"" onclick=""event.stopPropagation()"">"
"C:\Users\user\Desktop\Mock Stream\site\landing.html","4408","      <h3><span>??</span> IELTS Speaking</h3>"
"C:\Users\user\Desktop\Mock Stream\site\landing.html","4411","        <div class=""mode-option-card examiner"" onclick=""selectIELTSSpeakingMode('examiner')"">"
"C:\Users\user\Desktop\Mock Stream\site\landing.html","4422","        <div class=""mode-option-card ai"" onclick=""selectIELTSSpeakingMode('ai')"">"
"C:\Users\user\Desktop\Mock Stream\site\landing.html","4434","      <button class=""modal-close-btn"" onclick=""closeIELTSSpeakingModeModal()"">Cancel</button>"
"C:\Users\user\Desktop\Mock Stream\site\landing.html","5300","      if (type === 'ielts') {"
"C:\Users\user\Desktop\Mock Stream\site\landing.html","5301","        loadMock('Writing IELTS Mock.html', 'writing');"
"C:\Users\user\Desktop\Mock Stream\site\landing.html","5322","      if (type === 'ielts') {"
"C:\Users\user\Desktop\Mock Stream\site\landing.html","5323","        loadMock('IELTS Listening Mocks.html', 'listening');"
"C:\Users\user\Desktop\Mock Stream\site\landing.html","5344","      if (type === 'ielts') {"
"C:\Users\user\Desktop\Mock Stream\site\landing.html","5345","        loadMock('IELTS Reading Mocks.html', 'reading');"
"C:\Users\user\Desktop\Mock Stream\site\landing.html","5368","      } else if (type === 'ielts') {"
"C:\Users\user\Desktop\Mock Stream\site\landing.html","5369","        window.location.href = 'ielts-full-mock.html';"
"C:\Users\user\Desktop\Mock Stream\site\landing.html","5373","    function showIELTSFullMockOptions() {"
"C:\Users\user\Desktop\Mock Stream\site\landing.html","5374","      window.location.href = 'ielts-full-mock.html';"
"C:\Users\user\Desktop\Mock Stream\site\landing.html","5392","      if (type === 'ielts') {"
"C:\Users\user\Desktop\Mock Stream\site\landing.html","5393","        // Show IELTS mode selection modal (Examiner vs AI)"
"C:\Users\user\Desktop\Mock Stream\site\landing.html","5394","        showIELTSSpeakingModeModal();"
"C:\Users\user\Desktop\Mock Stream\site\landing.html","5400","    // ========== IELTS SPEAKING MODE MODAL =========="
"C:\Users\user\Desktop\Mock Stream\site\landing.html","5401","    const ieltsSpeakingModeModal = document.getElementById('ieltsSpeakingModeModal');"
"C:\Users\user\Desktop\Mock Stream\site\landing.html","5403","    function showIELTSSpeakingModeModal() {"
"C:\Users\user\Desktop\Mock Stream\site\landing.html","5404","      ieltsSpeakingModeModal.classList.add('show');"
"C:\Users\user\Desktop\Mock Stream\site\landing.html","5407","    function closeIELTSSpeakingModeModal(event) {"
"C:\Users\user\Desktop\Mock Stream\site\landing.html","5408","      if (!event || event.target === ieltsSpeakingModeModal) {"
"C:\Users\user\Desktop\Mock Stream\site\landing.html","5409","        ieltsSpeakingModeModal.classList.remove('show');"
"C:\Users\user\Desktop\Mock Stream\site\landing.html","5413","    function selectIELTSSpeakingMode(mode) {"
"C:\Users\user\Desktop\Mock Stream\site\landing.html","5414","      closeIELTSSpeakingModeModal();"
"C:\Users\user\Desktop\Mock Stream\site\landing.html","5417","        loadMock('IELTS Speaking Mocks.html', 'speaking');"
"C:\Users\user\Desktop\Mock Stream\site\landing.html","5420","        showIELTSSpeakingTutorial();"
"C:\Users\user\Desktop\Mock Stream\site\landing.html","5424","    function showIELTSSpeakingTutorial() {"
"C:\Users\user\Desktop\Mock Stream\site\landing.html","5427","        { icon: '??', title: 'Welcome to IELTS Speaking!', text: 'This tutorial will guide you through the IELTS Speaking Mock Test process. Our speaking test simulates the real IELTS Speaking exam with a live video call with an examiner.' },"
"C:\Users\user\Desktop\Mock Stream\site\landing.html","5431","        { icon: '??', title: 'Exam Structure', text: 'The IELTS Speaking test has 3 parts: Part 1 (4-5 min) Introduction, Part 2 (3-4 min) Cue card, Part 3 (4-5 min) Discussion.' },"
"C:\Users\user\Desktop\Mock Stream\site\landing.html","5466","            loadMock('Speaking IELTS Booking.html', 'speaking');"
"C:\Users\user\Desktop\Mock Stream\site\landing.html","5494","        if (ieltsSpeakingModeModal.classList.contains('show')) {"
"C:\Users\user\Desktop\Mock Stream\site\landing.html","5495","          closeIELTSSpeakingModeModal();"
"C:\Users\user\Desktop\Mock Stream\site\Speaking IELTS Booking.html","8","  <title>IELTS Speaking - Book Your Exam</title>"
"C:\Users\user\Desktop\Mock Stream\site\Speaking IELTS Booking.html","13","    // Store CEFR logo AND wording for use in IELTS pages"
"C:\Users\user\Desktop\Mock Stream\site\Speaking IELTS Booking.html","521","        <h1>IELTS Speaking Exam</h1>"
"C:\Users\user\Desktop\Mock Stream\site\Speaking IELTS Booking.html","533","        <p>IELTS Speaking is conducted via video call with a certified examiner. Fill in your details below to schedule"
"C:\Users\user\Desktop\Mock Stream\site\Speaking IELTS Booking.html","663","      <p>Your IELTS Speaking exam booking has been submitted successfully.</p>"
"C:\Users\user\Desktop\Mock Stream\site\Speaking IELTS Booking.html","664","      <div class=""booking-ref"" id=""bookingRef"">IELTS-SPK-000000</div>"
"C:\Users\user\Desktop\Mock Stream\site\Speaking IELTS Booking.html","672","    <p id=""footerText"">? 2025 IELTS Speaking Exam Booking. All rights reserved.</p>"
"C:\Users\user\Desktop\Mock Stream\site\Speaking IELTS Booking.html","727","      return `IELTS-SPK-${timestamp}${random}`;"
"C:\Users\user\Desktop\Mock Stream\site\Speaking IELTS Booking.html","750","      const filename = `${bookingData.firstName}_${bookingData.lastName}_IELTS.pdf`;"
"C:\Users\user\Desktop\Mock Stream\site\Speaking IELTS Booking.html","763","      const caption = `?? IELTS Speaking Mock\n?? Candidate: #${candidate.replace(/ /g, '_')}\n?? ${dateStr}\n??? Center: #IELTS\n?? #IELTS_${dateTag}_ielts\n?? #IELTS_${monthTag}_ielts\n?? #IELTS_${yearTag}_ielts\nOverall:\n?? #all_${dateTag}_ielts\n?? #all_${monthTag}_ielts\n?? #all_${yearTag}_ielts\n#IELTS`;"
"C:\Users\user\Desktop\Mock Stream\site\Speaking IELTS Booking.html","794","      pdf.text('IELTS Speaking Exam Booking', pageWidth / 2, 18, { align: 'center' });"
"C:\Users\user\Desktop\Mock Stream\site\Speaking Mocks.html","13498","              text: `You are an expert examiner for the UZBEKISTANI NATIONAL FOREIGN LANGUAGE ASSESSMENT (Multilevel Speaking Exam). You assess candidates using the OFFICIAL UZBEKISTANI rating scale and band descriptors, NOT IELTS."
"C:\Users\user\Desktop\Mock Stream\site\Speaking Mocks.html","16423","- IELTS band prediction"
"C:\Users\user\Desktop\Mock Stream\site\test.html","6","  <title>Test ? IELTS Practice</title>"
"C:\Users\user\Desktop\Mock Stream\site\test.html","848","      document.title = `${meta.title || defaultTitle} ? IELTS Practice`;"
"C:\Users\user\Desktop\Mock Stream\site\Writing IELTS Mock.html","7","  <title>IELTS Academic Writing Mock Test</title>"
"C:\Users\user\Desktop\Mock Stream\site\Writing IELTS Mock.html","58","    // Store CEFR logo AND wording for use in IELTS pages"
"C:\Users\user\Desktop\Mock Stream\site\Writing IELTS Mock.html","62","  <!-- IELTS Writing questions data - loaded dynamically -->"
"C:\Users\user\Desktop\Mock Stream\site\Writing IELTS Mock.html","63","  <script src=""questions IELTS W/ielts-mock-01.js""></script>"
"C:\Users\user\Desktop\Mock Stream\site\Writing IELTS Mock.html","2006","    <div class=""chip"">? IELTS Academic Writing</div>"
"C:\Users\user\Desktop\Mock Stream\site\Writing IELTS Mock.html","2056","    <button id=""downloadIeltsPdfBtn"" onclick=""downloadIeltsWritingPDF()"" title=""Download Questions PDF"""
"C:\Users\user\Desktop\Mock Stream\site\Writing IELTS Mock.html","2077","        style=""color:#dc2626;font-weight:900"">IELTS</span></h1>"
"C:\Users\user\Desktop\Mock Stream\site\Writing IELTS Mock.html","2087","        <option value=""questions IELTS W/ielts-mock-01.js"" style=""background:white;color:#10b981;font-weight:600;"">?"
"C:\Users\user\Desktop\Mock Stream\site\Writing IELTS Mock.html","2088","          IELTS Mock 01 </option>"
"C:\Users\user\Desktop\Mock Stream\site\Writing IELTS Mock.html","2089","        <option value=""questions IELTS W/ielts-mock-02.js"" style=""background:white;color:#10b981;font-weight:600;"">?"
"C:\Users\user\Desktop\Mock Stream\site\Writing IELTS Mock.html","2090","          IELTS Mock 02 </option>"
"C:\Users\user\Desktop\Mock Stream\site\Writing IELTS Mock.html","2091","        <option value=""questions IELTS W/ielts-mock-03.js"" style=""background:white;color:#10b981;font-weight:600;"">?"
"C:\Users\user\Desktop\Mock Stream\site\Writing IELTS Mock.html","2092","          IELTS Mock 03 </option>"
"C:\Users\user\Desktop\Mock Stream\site\Writing IELTS Mock.html","2093","        <option value=""questions IELTS W/ielts-mock-04.js"" style=""background:white;color:#10b981;font-weight:600;"">?"
"C:\Users\user\Desktop\Mock Stream\site\Writing IELTS Mock.html","2094","          IELTS Mock 04 </option>"
"C:\Users\user\Desktop\Mock Stream\site\Writing IELTS Mock.html","2095","        <option value=""questions IELTS W/ielts-mock-05.js"" style=""background:white;color:#10b981;font-weight:600;"">?"
"C:\Users\user\Desktop\Mock Stream\site\Writing IELTS Mock.html","2096","          IELTS Mock 05 </option>"
"C:\Users\user\Desktop\Mock Stream\site\Writing IELTS Mock.html","2097","        <option value=""questions IELTS W/ielts-mock-06.js"" style=""background:white;color:#10b981;font-weight:600;"">?"
"C:\Users\user\Desktop\Mock Stream\site\Writing IELTS Mock.html","2098","          IELTS Mock 06 </option>"
"C:\Users\user\Desktop\Mock Stream\site\Writing IELTS Mock.html","2099","        <option value=""questions IELTS W/ielts-mock-07.js"" style=""background:white;color:#10b981;font-weight:600;"">?"
"C:\Users\user\Desktop\Mock Stream\site\Writing IELTS Mock.html","2100","          IELTS Mock 07 </option>"
"C:\Users\user\Desktop\Mock Stream\site\Writing IELTS Mock.html","2101","        <option value=""questions IELTS W/ielts-mock-08.js"" style=""background:white;color:#10b981;font-weight:600;"">?"
"C:\Users\user\Desktop\Mock Stream\site\Writing IELTS Mock.html","2102","          IELTS Mock 08 </option>"
"C:\Users\user\Desktop\Mock Stream\site\Writing IELTS Mock.html","2103","        <option value=""questions IELTS W/ielts-mock-09.js"" style=""background:white;color:#10b981;font-weight:600;"">?"
"C:\Users\user\Desktop\Mock Stream\site\Writing IELTS Mock.html","2104","          IELTS Mock 09 </option>"
"C:\Users\user\Desktop\Mock Stream\site\Writing IELTS Mock.html","2105","        <option value=""questions IELTS W/ielts-mock-10.js"" style=""background:white;color:#6b7280;font-weight:600;"">?"
"C:\Users\user\Desktop\Mock Stream\site\Writing IELTS Mock.html","2106","          IELTS Mock 10 </option>"
"C:\Users\user\Desktop\Mock Stream\site\Writing IELTS Mock.html","2107","        <option value=""questions IELTS W/ielts-mock-11.js"" style=""background:white;color:#6b7280;font-weight:600;"">?"
"C:\Users\user\Desktop\Mock Stream\site\Writing IELTS Mock.html","2108","          IELTS Mock 11 </option>"
"C:\Users\user\Desktop\Mock Stream\site\Writing IELTS Mock.html","2109","        <option value=""questions IELTS W/ielts-mock-12.js"" style=""background:white;color:#6b7280;font-weight:600;"">?"
"C:\Users\user\Desktop\Mock Stream\site\Writing IELTS Mock.html","2110","          IELTS Mock 12 </option>"
"C:\Users\user\Desktop\Mock Stream\site\Writing IELTS Mock.html","2111","        <option value=""questions IELTS W/ielts-mock-13.js"" style=""background:white;color:#6b7280;font-weight:600;"">?"
"C:\Users\user\Desktop\Mock Stream\site\Writing IELTS Mock.html","2112","          IELTS Mock 13 </option>"
"C:\Users\user\Desktop\Mock Stream\site\Writing IELTS Mock.html","2113","        <option value=""questions IELTS W/ielts-mock-14.js"" style=""background:white;color:#6b7280;font-weight:600;"">?"
"C:\Users\user\Desktop\Mock Stream\site\Writing IELTS Mock.html","2114","          IELTS Mock 14 </option>"
"C:\Users\user\Desktop\Mock Stream\site\Writing IELTS Mock.html","2115","        <option value=""questions IELTS W/ielts-mock-15.js"" style=""background:white;color:#6b7280;font-weight:600;"">?"
"C:\Users\user\Desktop\Mock Stream\site\Writing IELTS Mock.html","2116","          IELTS Mock 15 </option>"
"C:\Users\user\Desktop\Mock Stream\site\Writing IELTS Mock.html","2117","        <option value=""questions IELTS W/ielts-mock-16.js"" style=""background:white;color:#6b7280;font-weight:600;"">?"
"C:\Users\user\Desktop\Mock Stream\site\Writing IELTS Mock.html","2118","          IELTS Mock 16 </option>"
"C:\Users\user\Desktop\Mock Stream\site\Writing IELTS Mock.html","2119","        <option value=""questions IELTS W/ielts-mock-17.js"" style=""background:white;color:#6b7280;font-weight:600;"">?"
"C:\Users\user\Desktop\Mock Stream\site\Writing IELTS Mock.html","2120","          IELTS Mock 17 </option>"
"C:\Users\user\Desktop\Mock Stream\site\Writing IELTS Mock.html","2121","        <option value=""questions IELTS W/ielts-mock-18.js"" style=""background:white;color:#6b7280;font-weight:600;"">?"
"C:\Users\user\Desktop\Mock Stream\site\Writing IELTS Mock.html","2122","          IELTS Mock 18 </option>"
"C:\Users\user\Desktop\Mock Stream\site\Writing IELTS Mock.html","2123","        <option value=""questions IELTS W/ielts-mock-19.js"" style=""background:white;color:#6b7280;font-weight:600;"">?"
"C:\Users\user\Desktop\Mock Stream\site\Writing IELTS Mock.html","2124","          IELTS Mock 19 </option>"
"C:\Users\user\Desktop\Mock Stream\site\Writing IELTS Mock.html","2125","        <option value=""questions IELTS W/ielts-mock-20.js"" style=""background:white;color:#6b7280;font-weight:600;"">?"
"C:\Users\user\Desktop\Mock Stream\site\Writing IELTS Mock.html","2126","          IELTS Mock 20 </option>"
"C:\Users\user\Desktop\Mock Stream\site\Writing IELTS Mock.html","2127","        <option value=""questions IELTS W/ielts-mock-21.js"" style=""background:white;color:#6b7280;font-weight:600;"">?"
"C:\Users\user\Desktop\Mock Stream\site\Writing IELTS Mock.html","2128","          IELTS Mock 21 </option>"
"C:\Users\user\Desktop\Mock Stream\site\Writing IELTS Mock.html","2129","        <option value=""questions IELTS W/ielts-mock-22.js"" style=""background:white;color:#6b7280;font-weight:600;"">?"
"C:\Users\user\Desktop\Mock Stream\site\Writing IELTS Mock.html","2130","          IELTS Mock 22 </option>"
"C:\Users\user\Desktop\Mock Stream\site\Writing IELTS Mock.html","2131","        <option value=""questions IELTS W/ielts-mock-23.js"" style=""background:white;color:#6b7280;font-weight:600;"">?"
"C:\Users\user\Desktop\Mock Stream\site\Writing IELTS Mock.html","2132","          IELTS Mock 23 </option>"
"C:\Users\user\Desktop\Mock Stream\site\Writing IELTS Mock.html","2133","        <option value=""questions IELTS W/ielts-mock-24.js"" style=""background:white;color:#6b7280;font-weight:600;"">?"
"C:\Users\user\Desktop\Mock Stream\site\Writing IELTS Mock.html","2134","          IELTS Mock 24 </option>"
"C:\Users\user\Desktop\Mock Stream\site\Writing IELTS Mock.html","2135","        <option value=""questions IELTS W/ielts-mock-25.js"" style=""background:white;color:#6b7280;font-weight:600;"">?"
"C:\Users\user\Desktop\Mock Stream\site\Writing IELTS Mock.html","2136","          IELTS Mock 25 </option>"
"C:\Users\user\Desktop\Mock Stream\site\Writing IELTS Mock.html","2137","        <option value=""questions IELTS W/ielts-mock-26.js"" style=""background:white;color:#6b7280;font-weight:600;"">?"
"C:\Users\user\Desktop\Mock Stream\site\Writing IELTS Mock.html","2138","          IELTS Mock 26 </option>"
"C:\Users\user\Desktop\Mock Stream\site\Writing IELTS Mock.html","2139","        <option value=""questions IELTS W/ielts-mock-27.js"" style=""background:white;color:#6b7280;font-weight:600;"">?"
"C:\Users\user\Desktop\Mock Stream\site\Writing IELTS Mock.html","2140","          IELTS Mock 27 </option>"
"C:\Users\user\Desktop\Mock Stream\site\Writing IELTS Mock.html","2141","        <option value=""questions IELTS W/ielts-mock-28.js"" style=""background:white;color:#6b7280;font-weight:600;"">?"
"C:\Users\user\Desktop\Mock Stream\site\Writing IELTS Mock.html","2142","          IELTS Mock 28 </option>"
"C:\Users\user\Desktop\Mock Stream\site\Writing IELTS Mock.html","2143","        <option value=""questions IELTS W/ielts-mock-29.js"" style=""background:white;color:#6b7280;font-weight:600;"">?"
"C:\Users\user\Desktop\Mock Stream\site\Writing IELTS Mock.html","2144","          IELTS Mock 29 </option>"
"C:\Users\user\Desktop\Mock Stream\site\Writing IELTS Mock.html","2145","        <option value=""questions IELTS W/ielts-mock-30.js"" style=""background:white;color:#6b7280;font-weight:600;"">?"
"C:\Users\user\Desktop\Mock Stream\site\Writing IELTS Mock.html","2146","          IELTS Mock 30 </option>"
"C:\Users\user\Desktop\Mock Stream\site\Writing IELTS Mock.html","2147","        <option value=""questions IELTS W/ielts-mock-31.js"" style=""background:white;color:#6b7280;font-weight:600;"">?"
"C:\Users\user\Desktop\Mock Stream\site\Writing IELTS Mock.html","2148","          IELTS Mock 31 </option>"
"C:\Users\user\Desktop\Mock Stream\site\Writing IELTS Mock.html","2149","        <option value=""questions IELTS W/ielts-mock-32.js"" style=""background:white;color:#6b7280;font-weight:600;"">?"
"C:\Users\user\Desktop\Mock Stream\site\Writing IELTS Mock.html","2150","          IELTS Mock 32 </option>"
"C:\Users\user\Desktop\Mock Stream\site\Writing IELTS Mock.html","2151","        <option value=""questions IELTS W/ielts-mock-33.js"" style=""background:white;color:#6b7280;font-weight:600;"">?"
"C:\Users\user\Desktop\Mock Stream\site\Writing IELTS Mock.html","2152","          IELTS Mock 33 </option>"
"C:\Users\user\Desktop\Mock Stream\site\Writing IELTS Mock.html","2153","        <option value=""questions IELTS W/ielts-mock-34.js"" style=""background:white;color:#6b7280;font-weight:600;"">?"
"C:\Users\user\Desktop\Mock Stream\site\Writing IELTS Mock.html","2154","          IELTS Mock 34 </option>"
"C:\Users\user\Desktop\Mock Stream\site\Writing IELTS Mock.html","2155","        <option value=""questions IELTS W/ielts-mock-35.js"" style=""background:white;color:#6b7280;font-weight:600;"">?"
"C:\Users\user\Desktop\Mock Stream\site\Writing IELTS Mock.html","2156","          IELTS Mock 35 </option>"
"C:\Users\user\Desktop\Mock Stream\site\Writing IELTS Mock.html","2157","        <option value=""questions IELTS W/ielts-mock-36.js"" style=""background:white;color:#6b7280;font-weight:600;"">?"
"C:\Users\user\Desktop\Mock Stream\site\Writing IELTS Mock.html","2158","          IELTS Mock 36 </option>"
"C:\Users\user\Desktop\Mock Stream\site\Writing IELTS Mock.html","2159","        <option value=""questions IELTS W/ielts-mock-37.js"" style=""background:white;color:#6b7280;font-weight:600;"">?"
"C:\Users\user\Desktop\Mock Stream\site\Writing IELTS Mock.html","2160","          IELTS Mock 37 </option>"
"C:\Users\user\Desktop\Mock Stream\site\Writing IELTS Mock.html","2161","        <option value=""questions IELTS W/ielts-mock-38.js"" style=""background:white;color:#6b7280;font-weight:600;"">?"
"C:\Users\user\Desktop\Mock Stream\site\Writing IELTS Mock.html","2162","          IELTS Mock 38 </option>"
"C:\Users\user\Desktop\Mock Stream\site\Writing IELTS Mock.html","2163","        <option value=""questions IELTS W/ielts-mock-39.js"" style=""background:white;color:#6b7280;font-weight:600;"">?"
"C:\Users\user\Desktop\Mock Stream\site\Writing IELTS Mock.html","2164","          IELTS Mock 39 </option>"
"C:\Users\user\Desktop\Mock Stream\site\Writing IELTS Mock.html","2165","        <option value=""questions IELTS W/ielts-mock-40.js"" style=""background:white;color:#6b7280;font-weight:600;"">?"
"C:\Users\user\Desktop\Mock Stream\site\Writing IELTS Mock.html","2166","          IELTS Mock 40 </option>"
"C:\Users\user\Desktop\Mock Stream\site\Writing IELTS Mock.html","2167","        <option value=""questions IELTS W/ielts-mock-41.js"" style=""background:white;color:#6b7280;font-weight:600;"">?"
"C:\Users\user\Desktop\Mock Stream\site\Writing IELTS Mock.html","2168","          IELTS Mock 41 </option>"
"C:\Users\user\Desktop\Mock Stream\site\Writing IELTS Mock.html","2169","        <option value=""questions IELTS W/ielts-mock-42.js"" style=""background:white;color:#6b7280;font-weight:600;"">?"
"C:\Users\user\Desktop\Mock Stream\site\Writing IELTS Mock.html","2170","          IELTS Mock 42 </option>"
"C:\Users\user\Desktop\Mock Stream\site\Writing IELTS Mock.html","2171","        <option value=""questions IELTS W/ielts-mock-43.js"" style=""background:white;color:#6b7280;font-weight:600;"">?"
"C:\Users\user\Desktop\Mock Stream\site\Writing IELTS Mock.html","2172","          IELTS Mock 43 </option>"
"C:\Users\user\Desktop\Mock Stream\site\Writing IELTS Mock.html","2173","        <option value=""questions IELTS W/ielts-mock-44.js"" style=""background:white;color:#6b7280;font-weight:600;"">?"
"C:\Users\user\Desktop\Mock Stream\site\Writing IELTS Mock.html","2174","          IELTS Mock 44 </option>"
"C:\Users\user\Desktop\Mock Stream\site\Writing IELTS Mock.html","2175","        <option value=""questions IELTS W/ielts-mock-45.js"" style=""background:white;color:#6b7280;font-weight:600;"">?"
"C:\Users\user\Desktop\Mock Stream\site\Writing IELTS Mock.html","2176","          IELTS Mock 45 </option>"
"C:\Users\user\Desktop\Mock Stream\site\Writing IELTS Mock.html","2177","        <option value=""questions IELTS W/ielts-mock-46.js"" style=""background:white;color:#6b7280;font-weight:600;"">?"
"C:\Users\user\Desktop\Mock Stream\site\Writing IELTS Mock.html","2178","          IELTS Mock 46 </option>"
"C:\Users\user\Desktop\Mock Stream\site\Writing IELTS Mock.html","2179","        <option value=""questions IELTS W/ielts-mock-47.js"" style=""background:white;color:#6b7280;font-weight:600;"">?"
"C:\Users\user\Desktop\Mock Stream\site\Writing IELTS Mock.html","2180","          IELTS Mock 47 </option>"
"C:\Users\user\Desktop\Mock Stream\site\Writing IELTS Mock.html","2181","        <option value=""questions IELTS W/ielts-mock-48.js"" style=""background:white;color:#6b7280;font-weight:600;"">?"
"C:\Users\user\Desktop\Mock Stream\site\Writing IELTS Mock.html","2182","          IELTS Mock 48 </option>"
"C:\Users\user\Desktop\Mock Stream\site\Writing IELTS Mock.html","2183","        <option value=""questions IELTS W/ielts-mock-49.js"" style=""background:white;color:#6b7280;font-weight:600;"">?"
"C:\Users\user\Desktop\Mock Stream\site\Writing IELTS Mock.html","2184","          IELTS Mock 49 </option>"
"C:\Users\user\Desktop\Mock Stream\site\Writing IELTS Mock.html","2185","        <option value=""questions IELTS W/ielts-mock-50.js"" style=""background:white;color:#6b7280;font-weight:600;"">?"
"C:\Users\user\Desktop\Mock Stream\site\Writing IELTS Mock.html","2186","          IELTS Mock 50 </option>"
"C:\Users\user\Desktop\Mock Stream\site\Writing IELTS Mock.html","2187","        <option value=""questions IELTS W/ielts-mock-51.js"" style=""background:white;color:#6b7280;font-weight:600;"">?"
"C:\Users\user\Desktop\Mock Stream\site\Writing IELTS Mock.html","2188","          IELTS Mock 51 </option>"
"C:\Users\user\Desktop\Mock Stream\site\Writing IELTS Mock.html","2189","        <option value=""questions IELTS W/ielts-mock-52.js"" style=""background:white;color:#6b7280;font-weight:600;"">?"
"C:\Users\user\Desktop\Mock Stream\site\Writing IELTS Mock.html","2190","          IELTS Mock 52 </option>"
"C:\Users\user\Desktop\Mock Stream\site\Writing IELTS Mock.html","2191","        <option value=""questions IELTS W/ielts-mock-53.js"" style=""background:white;color:#6b7280;font-weight:600;"">?"
"C:\Users\user\Desktop\Mock Stream\site\Writing IELTS Mock.html","2192","          IELTS Mock 53 </option>"
"C:\Users\user\Desktop\Mock Stream\site\Writing IELTS Mock.html","2193","        <option value=""questions IELTS W/ielts-mock-54.js"" style=""background:white;color:#6b7280;font-weight:600;"">?"
"C:\Users\user\Desktop\Mock Stream\site\Writing IELTS Mock.html","2194","          IELTS Mock 54 </option>"
"C:\Users\user\Desktop\Mock Stream\site\Writing IELTS Mock.html","2195","        <option value=""questions IELTS W/ielts-mock-55.js"" style=""background:white;color:#6b7280;font-weight:600;"">?"
"C:\Users\user\Desktop\Mock Stream\site\Writing IELTS Mock.html","2196","          IELTS Mock 55 </option>"
"C:\Users\user\Desktop\Mock Stream\site\Writing IELTS Mock.html","2197","        <option value=""questions IELTS W/ielts-mock-56.js"" style=""background:white;color:#6b7280;font-weight:600;"">?"
"C:\Users\user\Desktop\Mock Stream\site\Writing IELTS Mock.html","2198","          IELTS Mock 56 </option>"
"C:\Users\user\Desktop\Mock Stream\site\Writing IELTS Mock.html","2199","        <option value=""questions IELTS W/ielts-mock-57.js"" style=""background:white;color:#6b7280;font-weight:600;"">?"
"C:\Users\user\Desktop\Mock Stream\site\Writing IELTS Mock.html","2200","          IELTS Mock 57 </option>"
"C:\Users\user\Desktop\Mock Stream\site\Writing IELTS Mock.html","2201","        <option value=""questions IELTS W/ielts-mock-58.js"" style=""background:white;color:#6b7280;font-weight:600;"">?"
"C:\Users\user\Desktop\Mock Stream\site\Writing IELTS Mock.html","2202","          IELTS Mock 58 </option>"
"C:\Users\user\Desktop\Mock Stream\site\Writing IELTS Mock.html","2203","        <option value=""questions IELTS W/ielts-mock-59.js"" style=""background:white;color:#6b7280;font-weight:600;"">?"
"C:\Users\user\Desktop\Mock Stream\site\Writing IELTS Mock.html","2204","          IELTS Mock 59 </option>"
"C:\Users\user\Desktop\Mock Stream\site\Writing IELTS Mock.html","2205","        <option value=""questions IELTS W/ielts-mock-60.js"" style=""background:white;color:#6b7280;font-weight:600;"">?"
"C:\Users\user\Desktop\Mock Stream\site\Writing IELTS Mock.html","2206","          IELTS Mock 60 </option>"
"C:\Users\user\Desktop\Mock Stream\site\Writing IELTS Mock.html","2207","        <option value=""questions IELTS W/ielts-mock-61.js"" style=""background:white;color:#6b7280;font-weight:600;"">?"
"C:\Users\user\Desktop\Mock Stream\site\Writing IELTS Mock.html","2208","          IELTS Mock 61 </option>"
"C:\Users\user\Desktop\Mock Stream\site\Writing IELTS Mock.html","2209","        <option value=""questions IELTS W/ielts-mock-62.js"" style=""background:white;color:#6b7280;font-weight:600;"">?"
"C:\Users\user\Desktop\Mock Stream\site\Writing IELTS Mock.html","2210","          IELTS Mock 62 </option>"
"C:\Users\user\Desktop\Mock Stream\site\Writing IELTS Mock.html","2211","        <option value=""questions IELTS W/ielts-mock-63.js"" style=""background:white;color:#6b7280;font-weight:600;"">?"
"C:\Users\user\Desktop\Mock Stream\site\Writing IELTS Mock.html","2212","          IELTS Mock 63 </option>"
"C:\Users\user\Desktop\Mock Stream\site\Writing IELTS Mock.html","2213","        <option value=""questions IELTS W/ielts-mock-64.js"" style=""background:white;color:#6b7280;font-weight:600;"">?"
"C:\Users\user\Desktop\Mock Stream\site\Writing IELTS Mock.html","2214","          IELTS Mock 64 </option>"
"C:\Users\user\Desktop\Mock Stream\site\Writing IELTS Mock.html","2215","        <option value=""questions IELTS W/ielts-mock-65.js"" style=""background:white;color:#6b7280;font-weight:600;"">?"
"C:\Users\user\Desktop\Mock Stream\site\Writing IELTS Mock.html","2216","          IELTS Mock 65 </option>"
"C:\Users\user\Desktop\Mock Stream\site\Writing IELTS Mock.html","2217","        <option value=""questions IELTS W/ielts-mock-66.js"" style=""background:white;color:#6b7280;font-weight:600;"">?"
"C:\Users\user\Desktop\Mock Stream\site\Writing IELTS Mock.html","2218","          IELTS Mock 66 </option>"
"C:\Users\user\Desktop\Mock Stream\site\Writing IELTS Mock.html","2219","        <option value=""questions IELTS W/ielts-mock-67.js"" style=""background:white;color:#6b7280;font-weight:600;"">?"
"C:\Users\user\Desktop\Mock Stream\site\Writing IELTS Mock.html","2220","          IELTS Mock 67 </option>"
"C:\Users\user\Desktop\Mock Stream\site\Writing IELTS Mock.html","2221","        <option value=""questions IELTS W/ielts-mock-68.js"" style=""background:white;color:#6b7280;font-weight:600;"">?"
"C:\Users\user\Desktop\Mock Stream\site\Writing IELTS Mock.html","2222","          IELTS Mock 68 </option>"
"C:\Users\user\Desktop\Mock Stream\site\Writing IELTS Mock.html","2223","        <option value=""questions IELTS W/ielts-mock-69.js"" style=""background:white;color:#6b7280;font-weight:600;"">?"
"C:\Users\user\Desktop\Mock Stream\site\Writing IELTS Mock.html","2224","          IELTS Mock 69 </option>"
"C:\Users\user\Desktop\Mock Stream\site\Writing IELTS Mock.html","2225","        <option value=""questions IELTS W/ielts-mock-70.js"" style=""background:white;color:#6b7280;font-weight:600;"">?"
"C:\Users\user\Desktop\Mock Stream\site\Writing IELTS Mock.html","2226","          IELTS Mock 70 </option>"
"C:\Users\user\Desktop\Mock Stream\site\Writing IELTS Mock.html","2227","        <option value=""questions IELTS W/ielts-mock-71.js"" style=""background:white;color:#6b7280;font-weight:600;"">?"
"C:\Users\user\Desktop\Mock Stream\site\Writing IELTS Mock.html","2228","          IELTS Mock 71 </option>"
"C:\Users\user\Desktop\Mock Stream\site\Writing IELTS Mock.html","2229","        <option value=""questions IELTS W/ielts-mock-72.js"" style=""background:white;color:#6b7280;font-weight:600;"">?"
"C:\Users\user\Desktop\Mock Stream\site\Writing IELTS Mock.html","2230","          IELTS Mock 72 </option>"
"C:\Users\user\Desktop\Mock Stream\site\Writing IELTS Mock.html","2231","        <option value=""questions IELTS W/ielts-mock-73.js"" style=""background:white;color:#6b7280;font-weight:600;"">?"
"C:\Users\user\Desktop\Mock Stream\site\Writing IELTS Mock.html","2232","          IELTS Mock 73 </option>"
"C:\Users\user\Desktop\Mock Stream\site\Writing IELTS Mock.html","2233","        <option value=""questions IELTS W/ielts-mock-74.js"" style=""background:white;color:#6b7280;font-weight:600;"">?"
"C:\Users\user\Desktop\Mock Stream\site\Writing IELTS Mock.html","2234","          IELTS Mock 74 </option>"
"C:\Users\user\Desktop\Mock Stream\site\Writing IELTS Mock.html","2235","        <option value=""questions IELTS W/ielts-mock-75.js"" style=""background:white;color:#6b7280;font-weight:600;"">?"
"C:\Users\user\Desktop\Mock Stream\site\Writing IELTS Mock.html","2236","          IELTS Mock 75 </option>"
"C:\Users\user\Desktop\Mock Stream\site\Writing IELTS Mock.html","2237","        <option value=""questions IELTS W/ielts-mock-76.js"" style=""background:white;color:#6b7280;font-weight:600;"">?"
"C:\Users\user\Desktop\Mock Stream\site\Writing IELTS Mock.html","2238","          IELTS Mock 76 </option>"
"C:\Users\user\Desktop\Mock Stream\site\Writing IELTS Mock.html","2239","        <option value=""questions IELTS W/ielts-mock-77.js"" style=""background:white;color:#6b7280;font-weight:600;"">?"
"C:\Users\user\Desktop\Mock Stream\site\Writing IELTS Mock.html","2240","          IELTS Mock 77 </option>"
"C:\Users\user\Desktop\Mock Stream\site\Writing IELTS Mock.html","2241","        <option value=""questions IELTS W/ielts-mock-78.js"" style=""background:white;color:#6b7280;font-weight:600;"">?"
"C:\Users\user\Desktop\Mock Stream\site\Writing IELTS Mock.html","2242","          IELTS Mock 78 </option>"
"C:\Users\user\Desktop\Mock Stream\site\Writing IELTS Mock.html","2243","        <option value=""questions IELTS W/ielts-mock-79.js"" style=""background:white;color:#6b7280;font-weight:600;"">?"
"C:\Users\user\Desktop\Mock Stream\site\Writing IELTS Mock.html","2244","          IELTS Mock 79 </option>"
"C:\Users\user\Desktop\Mock Stream\site\Writing IELTS Mock.html","2245","        <option value=""questions IELTS W/ielts-mock-80.js"" style=""background:white;color:#6b7280;font-weight:600;"">?"
"C:\Users\user\Desktop\Mock Stream\site\Writing IELTS Mock.html","2246","          IELTS Mock 80 </option>"
"C:\Users\user\Desktop\Mock Stream\site\Writing IELTS Mock.html","2247","        <option value=""questions IELTS W/ielts-mock-81.js"" style=""background:white;color:#6b7280;font-weight:600;"">?"
"C:\Users\user\Desktop\Mock Stream\site\Writing IELTS Mock.html","2248","          IELTS Mock 81 </option>"
"C:\Users\user\Desktop\Mock Stream\site\Writing IELTS Mock.html","2249","        <option value=""questions IELTS W/ielts-mock-82.js"" style=""background:white;color:#6b7280;font-weight:600;"">?"
"C:\Users\user\Desktop\Mock Stream\site\Writing IELTS Mock.html","2250","          IELTS Mock 82 </option>"
"C:\Users\user\Desktop\Mock Stream\site\Writing IELTS Mock.html","2251","        <option value=""questions IELTS W/ielts-mock-83.js"" style=""background:white;color:#6b7280;font-weight:600;"">?"
"C:\Users\user\Desktop\Mock Stream\site\Writing IELTS Mock.html","2252","          IELTS Mock 83 </option>"
"C:\Users\user\Desktop\Mock Stream\site\Writing IELTS Mock.html","2253","        <option value=""questions IELTS W/ielts-mock-84.js"" style=""background:white;color:#6b7280;font-weight:600;"">?"
"C:\Users\user\Desktop\Mock Stream\site\Writing IELTS Mock.html","2254","          IELTS Mock 84 </option>"
"C:\Users\user\Desktop\Mock Stream\site\Writing IELTS Mock.html","2255","        <option value=""questions IELTS W/ielts-mock-85.js"" style=""background:white;color:#6b7280;font-weight:600;"">?"
"C:\Users\user\Desktop\Mock Stream\site\Writing IELTS Mock.html","2256","          IELTS Mock 85 </option>"
"C:\Users\user\Desktop\Mock Stream\site\Writing IELTS Mock.html","2257","        <option value=""questions IELTS W/ielts-mock-86.js"" style=""background:white;color:#6b7280;font-weight:600;"">?"
"C:\Users\user\Desktop\Mock Stream\site\Writing IELTS Mock.html","2258","          IELTS Mock 86 </option>"
"C:\Users\user\Desktop\Mock Stream\site\Writing IELTS Mock.html","2259","        <option value=""questions IELTS W/ielts-mock-87.js"" style=""background:white;color:#6b7280;font-weight:600;"">?"
"C:\Users\user\Desktop\Mock Stream\site\Writing IELTS Mock.html","2260","          IELTS Mock 87 </option>"
"C:\Users\user\Desktop\Mock Stream\site\Writing IELTS Mock.html","2261","        <option value=""questions IELTS W/ielts-mock-88.js"" style=""background:white;color:#6b7280;font-weight:600;"">?"
"C:\Users\user\Desktop\Mock Stream\site\Writing IELTS Mock.html","2262","          IELTS Mock 88 </option>"
"C:\Users\user\Desktop\Mock Stream\site\Writing IELTS Mock.html","2263","        <option value=""questions IELTS W/ielts-mock-89.js"" style=""background:white;color:#6b7280;font-weight:600;"">?"
"C:\Users\user\Desktop\Mock Stream\site\Writing IELTS Mock.html","2264","          IELTS Mock 89 </option>"
"C:\Users\user\Desktop\Mock Stream\site\Writing IELTS Mock.html","2265","        <option value=""questions IELTS W/ielts-mock-90.js"" style=""background:white;color:#6b7280;font-weight:600;"">?"
"C:\Users\user\Desktop\Mock Stream\site\Writing IELTS Mock.html","2266","          IELTS Mock 90 </option>"
"C:\Users\user\Desktop\Mock Stream\site\Writing IELTS Mock.html","2267","        <option value=""questions IELTS W/ielts-mock-91.js"" style=""background:white;color:#6b7280;font-weight:600;"">?"
"C:\Users\user\Desktop\Mock Stream\site\Writing IELTS Mock.html","2268","          IELTS Mock 91 </option>"
"C:\Users\user\Desktop\Mock Stream\site\Writing IELTS Mock.html","2269","        <option value=""questions IELTS W/ielts-mock-92.js"" style=""background:white;color:#6b7280;font-weight:600;"">?"
"C:\Users\user\Desktop\Mock Stream\site\Writing IELTS Mock.html","2270","          IELTS Mock 92 </option>"
"C:\Users\user\Desktop\Mock Stream\site\Writing IELTS Mock.html","2271","        <option value=""questions IELTS W/ielts-mock-93.js"" style=""background:white;color:#6b7280;font-weight:600;"">?"
"C:\Users\user\Desktop\Mock Stream\site\Writing IELTS Mock.html","2272","          IELTS Mock 93 </option>"
"C:\Users\user\Desktop\Mock Stream\site\Writing IELTS Mock.html","2273","        <option value=""questions IELTS W/ielts-mock-94.js"" style=""background:white;color:#6b7280;font-weight:600;"">?"
"C:\Users\user\Desktop\Mock Stream\site\Writing IELTS Mock.html","2274","          IELTS Mock 94 </option>"
"C:\Users\user\Desktop\Mock Stream\site\Writing IELTS Mock.html","2275","        <option value=""questions IELTS W/ielts-mock-95.js"" style=""background:white;color:#6b7280;font-weight:600;"">?"
"C:\Users\user\Desktop\Mock Stream\site\Writing IELTS Mock.html","2276","          IELTS Mock 95 </option>"
"C:\Users\user\Desktop\Mock Stream\site\Writing IELTS Mock.html","2277","        <option value=""questions IELTS W/ielts-mock-96.js"" style=""background:white;color:#6b7280;font-weight:600;"">?"
"C:\Users\user\Desktop\Mock Stream\site\Writing IELTS Mock.html","2278","          IELTS Mock 96 </option>"
"C:\Users\user\Desktop\Mock Stream\site\Writing IELTS Mock.html","2279","        <option value=""questions IELTS W/ielts-mock-97.js"" style=""background:white;color:#6b7280;font-weight:600;"">?"
"C:\Users\user\Desktop\Mock Stream\site\Writing IELTS Mock.html","2280","          IELTS Mock 97 </option>"
"C:\Users\user\Desktop\Mock Stream\site\Writing IELTS Mock.html","2281","        <option value=""questions IELTS W/ielts-mock-98.js"" style=""background:white;color:#6b7280;font-weight:600;"">?"
"C:\Users\user\Desktop\Mock Stream\site\Writing IELTS Mock.html","2282","          IELTS Mock 98 </option>"
"C:\Users\user\Desktop\Mock Stream\site\Writing IELTS Mock.html","2283","        <option value=""questions IELTS W/ielts-mock-99.js"" style=""background:white;color:#6b7280;font-weight:600;"">?"
"C:\Users\user\Desktop\Mock Stream\site\Writing IELTS Mock.html","2284","          IELTS Mock 99 </option>"
"C:\Users\user\Desktop\Mock Stream\site\Writing IELTS Mock.html","2376","    <h2 style=""margin-top:0;color:var(--brand)"">?? Your IELTS Writing Test</h2>"
"C:\Users\user\Desktop\Mock Stream\site\Writing IELTS Mock.html","2684","          <li>Look for: <em style=""color:var(--brand);"">IELTS_Writing_Paper_*.pdf</em></li>"
"C:\Users\user\Desktop\Mock Stream\site\Writing IELTS Mock.html","2863","    window.loadIELTSTestData = function () {"
"C:\Users\user\Desktop\Mock Stream\site\Writing IELTS Mock.html","2864","      if (window.IELTS_WRITING_TEST_DATA) {"
"C:\Users\user\Desktop\Mock Stream\site\Writing IELTS Mock.html","2865","        currentTestData = window.IELTS_WRITING_TEST_DATA;"
"C:\Users\user\Desktop\Mock Stream\site\Writing IELTS Mock.html","2902","    window.loadNewIELTSQuestions = function (scriptSrc) {"
"C:\Users\user\Desktop\Mock Stream\site\Writing IELTS Mock.html","2905","        const oldScript = document.querySelector('script[data-ielts-questions]');"
"C:\Users\user\Desktop\Mock Stream\site\Writing IELTS Mock.html","2911","        window.IELTS_WRITING_TEST_DATA = null;"
"C:\Users\user\Desktop\Mock Stream\site\Writing IELTS Mock.html","2916","        script.setAttribute('data-ielts-questions', 'true');"
"C:\Users\user\Desktop\Mock Stream\site\Writing IELTS Mock.html","2918","          if (window.loadIELTSTestData()) {"
"C:\Users\user\Desktop\Mock Stream\site\Writing IELTS Mock.html","2930","    const AVAILABLE_IELTS_WRITING_MOCKS = ['01', '02', '03', '04', '05', '06', '07', '08', '09', '10', '11', '12', '13', '14', '15', '16', '17', '18', '19', '20', '21', '22', '23', '24', '25', '26', '27', '28', '29', '30'];"
"C:\Users\user\Desktop\Mock Stream\site\Writing IELTS Mock.html","2943","        const mockNumMatch = filePath.match(/ielts-mock-(\d+)/);"
"C:\Users\user\Desktop\Mock Stream\site\Writing IELTS Mock.html","2947","        const isAvailable = AVAILABLE_IELTS_WRITING_MOCKS.includes(mockNum);"
"C:\Users\user\Desktop\Mock Stream\site\Writing IELTS Mock.html","2951","          option.textContent = `? IELTS Mock ${mockNum} `;"
"C:\Users\user\Desktop\Mock Stream\site\Writing IELTS Mock.html","2956","          option.textContent = `? IELTS Mock ${mockNum} `;"
"C:\Users\user\Desktop\Mock Stream\site\Writing IELTS Mock.html","2966","      window.loadIELTSTestData();"
"C:\Users\user\Desktop\Mock Stream\site\Writing IELTS Mock.html","2978","          window._lastSelectedIeltsMock = {"
"C:\Users\user\Desktop\Mock Stream\site\Writing IELTS Mock.html","2987","            window._lastSelectedIeltsMock = null;"
"C:\Users\user\Desktop\Mock Stream\site\Writing IELTS Mock.html","2994","              await window.loadNewIELTSQuestions(scriptSrc);"
"C:\Users\user\Desktop\Mock Stream\site\Writing IELTS Mock.html","4028","          content: `This mode simulates the traditional IELTS paper exam. You'll write your answers on <strong>paper</strong> and take photos to submit.`,"
"C:\Users\user\Desktop\Mock Stream\site\Writing IELTS Mock.html","4350","    // Generate paper-based exam PDF for IELTS"
"C:\Users\user\Desktop\Mock Stream\site\Writing IELTS Mock.html","4356","      const testData = currentTestData || window.IELTS_WRITING_TEST_DATA;"
"C:\Users\user\Desktop\Mock Stream\site\Writing IELTS Mock.html","4359","      // Use CEFR logo for PDF instead of IELTS logo"
"C:\Users\user\Desktop\Mock Stream\site\Writing IELTS Mock.html","4381","          generateIELTSPDFContent(pdf, studentName, logoImg, chartImg, settings, tasks, mockNumber);"
"C:\Users\user\Desktop\Mock Stream\site\Writing IELTS Mock.html","4414","    function generateIELTSPDFContent(pdf, studentName, logoImg, chartImg, settings, tasks, mockNumber) {"
"C:\Users\user\Desktop\Mock Stream\site\Writing IELTS Mock.html","4432","      // Title Page - Professional Header (IELTS Red theme)"
"C:\Users\user\Desktop\Mock Stream\site\Writing IELTS Mock.html","4433","      pdf.setFillColor(220, 38, 38); // IELTS Red"
"C:\Users\user\Desktop\Mock Stream\site\Writing IELTS Mock.html","4445","      pdf.text('IELTS Academic Writing', pageWidth / 2, 15, { align: 'center' });"
"C:\Users\user\Desktop\Mock Stream\site\Writing IELTS Mock.html","4681","      pdf.save(`IELTS_Writing_Paper_${studentName.replace(/\s+/g, '_')}_Mock${mockNumber}.pdf`);"
"C:\Users\user\Desktop\Mock Stream\site\Writing IELTS Mock.html","4714","      alert('?? To find your PDF:\\n\\n1. Click the download icon (?) in your browser toolbar\\n2. Or open your Downloads folder\\n3. The file is named: IELTS_Writing_Paper_*.pdf' + shortcutHint);"
"C:\Users\user\Desktop\Mock Stream\site\Writing IELTS Mock.html","4915","      const testData = currentTestData || window.IELTS_WRITING_TEST_DATA;"
"C:\Users\user\Desktop\Mock Stream\site\Writing IELTS Mock.html","5007","      const testData = currentTestData || window.IELTS_WRITING_TEST_DATA;"
"C:\Users\user\Desktop\Mock Stream\site\Writing IELTS Mock.html","5066","        content: `You are an IELTS Writing examiner and expert. Generate a Band 9 quality sample answer for IELTS Academic Writing Task 1. "
"C:\Users\user\Desktop\Mock Stream\site\Writing IELTS Mock.html","5129","        content: `You are an IELTS Writing examiner and expert. Generate a Band 9 quality sample answer for IELTS Academic Writing Task 2 (Essay)."
"C:\Users\user\Desktop\Mock Stream\site\Writing IELTS Mock.html","5202","        const testData = currentTestData || window.IELTS_WRITING_TEST_DATA;"
"C:\Users\user\Desktop\Mock Stream\site\Writing IELTS Mock.html","5247","        pdf.text('IELTS Writing Sample Answers & Vocabulary', pageWidth / 2, yPos + 10, { align: 'center' });"
"C:\Users\user\Desktop\Mock Stream\site\Writing IELTS Mock.html","5383","          pdf.text(`IELTS Writing Sample Answers - Page ${i} of ${totalPages}`, pageWidth / 2, pageHeight - 10, { align: 'center' });"
"C:\Users\user\Desktop\Mock Stream\site\Writing IELTS Mock.html","5397","        pdf.save(`IELTS_Writing_Sample_Answers${mockNumber}.pdf`);"
"C:\Users\user\Desktop\Mock Stream\site\Writing IELTS Mock.html","5701","        const testData = currentTestData || window.IELTS_WRITING_TEST_DATA;"
"C:\Users\user\Desktop\Mock Stream\site\Writing IELTS Mock.html","5714","        // IELTS Red Header Bar"
"C:\Users\user\Desktop\Mock Stream\site\Writing IELTS Mock.html","5715","        pdf.setFillColor(220, 20, 60); // IELTS Red #DC143C"
"C:\Users\user\Desktop\Mock Stream\site\Writing IELTS Mock.html","5722","        pdf.text('IELTS', 20, 13);"
"C:\Users\user\Desktop\Mock Stream\site\Writing IELTS Mock.html","5846","              pdf.text('IELTS - Task 1 (continued)', 20, 13);"
"C:\Users\user\Desktop\Mock Stream\site\Writing IELTS Mock.html","5878","        pdf.text('IELTS', 20, 13);"
"C:\Users\user\Desktop\Mock Stream\site\Writing IELTS Mock.html","5961","              pdf.text('IELTS - Task 2 (continued)', 20, 13);"
"C:\Users\user\Desktop\Mock Stream\site\Writing IELTS Mock.html","5987","        pdf.save(`IELTS_Writing_${studentName.replace(/\s+/g, '_')}.pdf`);"
"C:\Users\user\Desktop\Mock Stream\site\Writing IELTS Mock.html","6021","        const caption = `?? IELTS Writing Mock\n?? Candidate: #${student.replace(/ /g, '_')}\n?? ${dateStr}\n??? Center: #IELTS\n?? #IELTS_${dateTag}_ielts\n?? #IELTS_${monthTag}_ielts\n?? #IELTS_${yearTag}_ielts\nOverall:\n?? #all_${dateTag}_ielts\n?? #all_${monthTag}_ielts\n?? #all_${yearTag}_ielts\n#IELTS`;"
"C:\Users\user\Desktop\Mock Stream\site\Writing IELTS Mock.html","6052","      const testData = currentTestData || window.IELTS_WRITING_TEST_DATA;"
"C:\Users\user\Desktop\Mock Stream\site\Writing IELTS Mock.html","6070","  <title>IELTS Writing Report ? ${student}</title>"
"C:\Users\user\Desktop\Mock Stream\site\Writing IELTS Mock.html","6428","    <h1>?? IELTS Academic Writing Mock Test</h1>"
"C:\Users\user\Desktop\Mock Stream\site\Writing IELTS Mock.html","6766","    // IELTS Red Header Bar"
"C:\Users\user\Desktop\Mock Stream\site\Writing IELTS Mock.html","6767","    pdf.setFillColor(220, 20, 60); // IELTS Red #DC143C"
"C:\Users\user\Desktop\Mock Stream\site\Writing IELTS Mock.html","6774","    pdf.text('IELTS', margin, 15);"
"C:\Users\user\Desktop\Mock Stream\site\Writing IELTS Mock.html","6850","    // Outer border (IELTS red)"
"C:\Users\user\Desktop\Mock Stream\site\Writing IELTS Mock.html","6872","    pdf.setTextColor(220, 20, 60); // IELTS Red"
"C:\Users\user\Desktop\Mock Stream\site\Writing IELTS Mock.html","6875","    // IELTS Writing label"
"C:\Users\user\Desktop\Mock Stream\site\Writing IELTS Mock.html","6879","    pdf.text('IELTS Writing', scoreBoxX + scoreBoxWidth / 2, centerY + 16, { align: 'center' });"
"C:\Users\user\Desktop\Mock Stream\site\Writing IELTS Mock.html","7134","    // IELTS Red Header Bar"
"C:\Users\user\Desktop\Mock Stream\site\Writing IELTS Mock.html","7141","    pdf.text('IELTS', margin, 15);"
"C:\Users\user\Desktop\Mock Stream\site\Writing IELTS Mock.html","7315","    pdf.save(\`IELTS_Report_\${studentName.replace(/\\s+/g, '_')}_\${receiptId.substring(0, 8)}.pdf\`);"
"C:\Users\user\Desktop\Mock Stream\site\Writing IELTS Mock.html","7354","  // IELTS Rounding Rules:"
"C:\Users\user\Desktop\Mock Stream\site\Writing IELTS Mock.html","7549","      const testIdentifier = currentTestData?.settings?.testIdentifier || 'IELTS Mock 01';"
"C:\Users\user\Desktop\Mock Stream\site\Writing IELTS Mock.html","7553","      // Extract mock number from testIdentifier (e.g., ""IELTS Mock 02"" -> ""02"")"
"C:\Users\user\Desktop\Mock Stream\site\Writing IELTS Mock.html","7564","      const caption = `?? IELTS Writing Mock ${mockNum}\n?? Candidate: #${student.replace(/ /g, '_')}\n?? ${dateStr}\n??? Center: #IELTS\n?? #IELTS_${dateTag}_ielts\n?? #IELTS_${monthTag}_ielts\n?? #IELTS_${yearTag}_ielts\nOverall:\n?? #all_${dateTag}_ielts\n?? #all_${monthTag}_ielts\n?? #all_${yearTag}_ielts\n#IELTS`;"
"C:\Users\user\Desktop\Mock Stream\site\Writing IELTS Mock.html","7737","  // ===== IELTS Writing PDF Download Functions ====="
"C:\Users\user\Desktop\Mock Stream\site\Writing IELTS Mock.html","7738","  async function downloadIeltsWritingPDF() {"
"C:\Users\user\Desktop\Mock Stream\site\Writing IELTS Mock.html","7768","    if (!hasUserSelectedMock && !window._lastSelectedIeltsMock) {"
"C:\Users\user\Desktop\Mock Stream\site\Writing IELTS Mock.html","7774","      <div style=""font-size:14px;opacity:0.9;line-height:1.5"">Please select an IELTS writing mock test from the dropdown menu before downloading the PDF</div>"
"C:\Users\user\Desktop\Mock Stream\site\Writing IELTS Mock.html","7786","    if (!selectedFile && window._lastSelectedIeltsMock) {"
"C:\Users\user\Desktop\Mock Stream\site\Writing IELTS Mock.html","7787","      selectedFile = window._lastSelectedIeltsMock.value;"
"C:\Users\user\Desktop\Mock Stream\site\Writing IELTS Mock.html","7791","    if (!selectedFile && window.IELTS_WRITING_TEST_DATA && window.IELTS_WRITING_TEST_DATA.tasks) {"
"C:\Users\user\Desktop\Mock Stream\site\Writing IELTS Mock.html","7792","      const data = window.IELTS_WRITING_TEST_DATA;"
"C:\Users\user\Desktop\Mock Stream\site\Writing IELTS Mock.html","7797","      await generateIeltsWritingPDFFromData(data, mockNumber);"
"C:\Users\user\Desktop\Mock Stream\site\Writing IELTS Mock.html","7819","    const mockMatch = selectedFile.match(/ielts-mock-(\d+)\.js/);"
"C:\Users\user\Desktop\Mock Stream\site\Writing IELTS Mock.html","7827","    <div style=""font-size:16px;font-weight:600"">Generating PDF for IELTS Mock ${mockNumber}...</div>"
"C:\Users\user\Desktop\Mock Stream\site\Writing IELTS Mock.html","7832","      let data = window.IELTS_WRITING_TEST_DATA;"
"C:\Users\user\Desktop\Mock Stream\site\Writing IELTS Mock.html","7841","          eval(scriptText.replace(/window\.IELTS_WRITING_TEST_DATA/g, 'tempWindow.IELTS_WRITING_TEST_DATA'));"
"C:\Users\user\Desktop\Mock Stream\site\Writing IELTS Mock.html","7842","          data = tempWindow.IELTS_WRITING_TEST_DATA;"
"C:\Users\user\Desktop\Mock Stream\site\Writing IELTS Mock.html","7844","          const dataMatch = scriptText.match(/window\.IELTS_WRITING_TEST_DATA\s*=\s*(\{[\s\S]*\});?/);"
"C:\Users\user\Desktop\Mock Stream\site\Writing IELTS Mock.html","7856","      await generateIeltsWritingPDFFromData(data, mockNumber);"
"C:\Users\user\Desktop\Mock Stream\site\Writing IELTS Mock.html","7878","  async function generateIeltsWritingPDFFromData(data, mockNumber) {"
"C:\Users\user\Desktop\Mock Stream\site\Writing IELTS Mock.html","7928","    .ielts-badge { color: #dc2626; font-weight: 900; font-size: 28px; text-align: center; margin-bottom: 8px; }"
"C:\Users\user\Desktop\Mock Stream\site\Writing IELTS Mock.html","7946","    <div class=""ielts-badge"">IELTS</div>"
"C:\Users\user\Desktop\Mock Stream\site\Writing IELTS Mock.html","7949","      <span class=""mock-title"">IELTS Writing Mock ${mockNumber}</span>"
"C:\Users\user\Desktop\Mock Stream\site\Writing IELTS Mock.html","7989","    page2Html += `<div class=""footer"">? ${new Date().getFullYear()} ${dynamicLogoWording} ? IELTS Academic Writing Module ? All rights reserved</div>`;"
"C:\Users\user\Desktop\Mock Stream\site\Writing IELTS Mock.html","8081","    pdf.save(`IELTS-Writing-Mock-${mockNumber}.pdf`);"
"C:\Users\user\Desktop\Mock Stream\site\Writing IELTS Mock.html","8089","    <div style=""font-size:14px;opacity:0.9"">IELTS-Writing-Mock-${mockNumber}.pdf saved</div>"
"C:\Users\user\Desktop\Mock Stream\site\Writing Mocks.html","10059","      const logoWording = (window.IELTS_WRITING_TEST_DATA?.settings?.logoWording) || 'Mock Stream';"
"C:\Users\user\Desktop\Mock Stream\site\Writing Mocks.html","10060","      const logoUrl = (window.IELTS_WRITING_TEST_DATA?.settings?.logoUrl) || 'https://i.ibb.co/WN0XY5Lv/logo.png';"
"C:\Users\user\Desktop\Mock Stream\site\Writing Mocks.html","12554","        // Blue Header Bar (instead of IELTS Red)"
"C:\Users\user\Desktop\Mock Stream\site\Writing Mocks.html","15586","                    <strong>?? Evaluator:</strong> AI-Powered IELTS Expert System (GPT-4)<br>"
